제목,내용,기사 URL,단어 5가지
아이브→르세라핌→'서머퀸'→'오징어게임'…아이즈원 소녀들의 '현재'[초점S],"▲ 아이즈원. ⓒ스포티비뉴스DB[스포티비뉴스=정혜원 기자] ""아이즈 온 미! 하나가 되는 순간 모두가 주목해!""를 외치던 그룹 아이즈원. 12명의 소녀들이 현재 각자의 자리에서 돋보이는 활약을 펼치고 있다.아이즈원은 2018년 8월 Mnet 서바이벌 오디션 프로그램 '프로듀스 48'에서 최종 데뷔조 12인 안에 속한 소녀들로 구성된 프로젝트 걸그룹이다. 이들은 2018년 8월 31일 결성돼 2021년 4월 29일까지 2년 6개월 간 함께 활동했다. 단 2년 6개월이라는 활동 기간이었음에도 '라비앙로즈', '비올레타', '피에스타', '환상동화', '파노라마' 등의 히트곡을 발매하며 음악방송에서 총 26회 1위를 차지하는 저력을 펼쳤다.함께 활동하며 빛났던 아이즈원은 여전히 각자의 자리에서 빛나고 있다.▲ 아이브 ⓒ곽혜미 기자아이즈원의 센터였던 장원영은 안유진과 함께 그룹 아이브로 재데뷔해 4세대 대표그룹으로 자리매김했다. 아이브는 2021년 12월 1일 데뷔 앨범 '일레븐'으로 가요계에 화려하게 등장했고, 이후 '일레븐'부터 '러브 다이브', '애프터 라이크', '아이엠', '키치' 등 발매하는 곡마다 국내외 음원, 음반 차트를 휩쓸고 있다.또 지난해 각종 시상식에서 신인상과 대상을 동시 석권하는 기록을 세우기도 했다. 특히 지난 4월 발매한 '아이엠'과 '키치'는 4개월이 지난 현재도 음원차트 상위권을 차지하고 있다. 이 가운데 아이브는 오는 10월 컴백을 목표로 준비하고 있다는 소식이 전해져 이들이 5연속 신드롬을 일으킬지에도 관심이 모인다.▲ 르세라핌 ⓒ곽혜미 기자장원영-안유진처럼 함께 뭉쳐 많은 사랑을 받고 있는 두 사람이 있다. 바로 김채원과 사쿠라다. 이들은 르세라핌으로 지난해 5월 ""최고가 될거야""라는 포부와 함께 가요계에 등장했다.르세라핌은 데뷔앨범이자 첫 번째 미니앨범 '피어리스'를 시작으로 두 번째 미니앨범 '안티프래자일', 정규앨범 '언포기븐'까지 자신들만의 독보적인 콘셉트로 대중을 사로잡았다. 그 결과 데뷔 1년 만에 '빌보드 200' 6위에 진입하며 K팝 걸그룹 역사상 최단기간 '빌보드 200' '톱 10'에 진입한 그룹이 됐다. 김채원과 사쿠라가 속한 르세라핌이 앞으로 개척해 나갈 자신들 만의 길에 더욱 관심이 높아진다.다시 뭉쳐 팀으로 활동하고 있는 네 사람과 달리 솔로 가수로서 활약을 펼치고 있는 이들도 있다. 권은비, 최예나, 조유리, 이채연이다.▲ 권은비(왼쪽), 최예나. ⓒ곽혜미 기자권은비는 2021년 8월 아이즈원 멤버들 중 가장 먼저 솔로로 첫 발을 내딛었다. 그는 첫 번째 미니앨범 '오픈', 두 번째 미니앨범 '컬러', 새 번째 미니앨범 '리탈리티', 그리고 지난 2일 발매한 첫 번째 싱글 '더 플래시'까지 자신의 매력을 살린 앨범들로 팬들을 만나고 있다.특히 권은비는 최근 '워터밤 서울 2023' 무대에 올라 신흥 서머퀸으로 떠올랐고, '리탈리티'의 타이틀곡 '언더워터'는 다시 역주행하는 등 전성기를 맞이했다. 또 남다른 재치와 입담으로 예능 프로그램에서 러브콜을 받고 있다. 지난 9일에는 '더 플래시'를 통해 데뷔 후 처음으로 음악방송 1위 트로피를 품에 안으며 눈물을 흘리기도 했다.조유리는 2021년 10월 7일 데뷔앨범이자 첫 번째 싱글 '글래시'를 선보였다. 아이즈원에서 메인보컬을 맡았던 조유리는 솔로로서 자신의 보컬이 더욱 잘 드러나는 곡들을 선보였고, 믿고 듣는 가수가 됐다. 조유리는 가수뿐만 아니라 배우로서도 자신의 입지를 탄탄히 다지고 있다. 2022년 7월 웹드라마 '미미쿠스'를 통해 배우로 데뷔했고, 최근 넷플릭스 화제작 '오징어게임2'에 합류했다는 소식이 알려지면서 많은 화제를 모은 바 있다. 가수와 배우 두 마리 토끼를 다 잡겠다는 꿈을 품은 조유리의 행복에 더욱 기대가 높아진다.▲ 최예나(왼쪽), 이채연. ⓒ곽혜미 기자최예나는 2022년 1월 17일 첫 번째 미니앨범 '스마일리'를 통해 솔로로 데뷔했다. 당시 최예나는 자신만의 통통 튀는 매력이 담신 앨범으로 호평을 받았다. 이후 발매한 두 번째 미니앨범 '스마트폰' 역시 귀여운 이미지를 살려 솔로 가수로서의 입지를 다졌다. 이후 첫 번째 싱글 '러브 워'와 두 번째 싱글 '헤이트 XX'로는 전작과는 상반되는 분위기로 색다른 최예나의 모습을 선보이기도 했다.이채연은 2022년 10월 12일 솔로 가수로 데뷔했다. 이후 지난 4월 발매한 두 번째 미니앨범 '오버 더 문'의 타이틀곡 '노크'를 통해 성공적인 홀로서기를 했다. '노크'는 발매 후 약 3주만에 역주행하며 멜론 실시간 톱100 차트 17위에 올랐다. 특히 이는 데뷔 앨범의 타이틀곡 '허시 러시'가 차트인을 하지 못했던 것을 감안하면 놀라운 성과일 뿐만 아니라, '음원차트 톱 100 진입'이 목표라고 한 이채연의 꿈도 이루게 된 것이다. 이채연은 '노크'를 통해 다양한 아티스트들과 챌린지를 하며 자신의 깃털같은 춤선을 자랑했고, 그의 매력이 통한 것으로 보인다.▲ 강혜원, 김민주, 야부키 나코, 혼다 히토미(왼쪽부터). ⓒ곽혜미 기자 ⓒ스포티비뉴스DB이외에도 강혜원은 2021년 12월 웹드라마 '일진에게 반했을 때'를 통해 배우로 데뷔했고, 지난해 웨이브 오리지널 '청춘 블라썸'으로 주연인 윤보미 역을 맡아 자신의 청순한 매력을 자랑했다. 김민주도 지난해 12월 MBC '금혼령, 조선 혼인 금지령'을 통해 배우로서의 모습을 선보였고, 2020년 6월부터 지난 1월까지 MBC '쇼! 음악중심' MC를 맡아 뛰어난 진행능력으로 호평을 받기도 했다. 야부키 나코와 혼다 히토미는 아이즈원 활동이 종료된 후 일본으로 돌아갔다. 이들은 현재 일본에서 다양한 활동을 펼치고 있는 것으로 알려졌다.혼자서도 잘하고, 뭉쳐서도 잘하는 아이즈원 멤버들의 앞으로의 행보에 더욱 기대가 모인다.",https://www.spotvnews.co.kr/news/articleView.html?idxno=625708,"데뷔,아이즈,미니앨범,자신,발매"
"""마지막에 엎어져"" 아이오아이·워너원·아이즈원, 다시 보고픈 꿈의 조합 [Oh!쎈 초점]","[OSEN=장우영 기자] ‘국프(국민 프로듀서)’들의 손으로 뽑아 활동한 그룹들의 재결합은 어려운 걸까. 아이오아이(I.O.I), 워너원, 아이즈원 등 많은 사랑을 받았던 그룹들의 재결합 관련 소식이 전해졌지만 최종적으로 불발되면서 아쉬움만 남겼다.지금은 배우로 활동하고 있는 김소혜가 아이오아이 재결합과 관련해 이야기를 하면서 ‘국프’ 손으로 만들어진 그룹들의 재결합 여부에 대한 관심도 높아지고 있다.김소혜는 지난 16일 방송된 KBS2 ‘옥탑방의 문제아들’에서 “그때가 그립진 않냐”라는 질문에 “그리울 때가 있다. 멤버들과도 이야기 많이 한다”고 답했다.김소혜는 아이오아이 재결합과 관련해서는 “재결합할 뻔 했는데 마지막에 엎어졌다. 멤버들과 이야기를 많이 하는데, 모두가 다시 뭉치길 간절히 원하고 있다. 사실 그룹 활동이 그리울 때가 많다”고 말했다.앞서 아이오아이는 2017년 활동을 마치며 데뷔 5주년 후 뭉치자는 약속을 팬들에게 남긴 바 있다. 2019년 재결합 소식이 전해졌지만 무산됐지만 2021년 5월 ‘데뷔 5주년’ 라이브 방송을 통해 다시 멤버들이 뭉친 바 있다.아이오아이, 워너원, 아이즈원은 ‘프로듀스 101’ 시리즈를 통해 결성된 그룹으로, ‘국민 프로듀서’들의 큰 관심 속에 탄생했다. 짧은 활동 기간을 마치고 각자의 자리로 돌아가 활동을 이어오고 있지만, 다시 하나로 뭉쳐 무대를 꾸미는 모습을 보고 싶은 마음들이 모여 ‘재결합’으로 떠올랐다.아이오아이, 워너원, 아이즈원의 재결합이 시도조차 없었던 건 아니다. 하지만 모두 최종적으로는 불발됐다.아이즈원 재결합을 위해 일부 팬들이 크라우드 펀딩으로 32억 원이 넘는 금액을 모으기도 했고, 각 멤버의 기획사들이 다양한 가능성을 열어두고 대화를 나눴지만 최종적으로는 성사되지 못했다. CJ ENM 측은 “재결합 여부와 상관없이 멤버들의 앞길에 많은 격려와 응원 부탁드린다”고 전했다.워너원은 짧지만 강렬한 재결합 무대를 선보인 바 있다. 워너원은 2019년 3월 이후 약 3년 만에 ‘2021 엠넷 아시안 뮤직 어워드(2021 MAMA)’ 무대에 올랐다. 라이관린을 제외한 10명의 멤버가 함께 올라 ‘봄바람’, ‘에너제틱’, ‘번 인 업’, ‘뷰티풀’ 무대를 펼쳤다. 워너원은 “기적 같은 일이 일어나 너무 꿈만 같다”고 소감을 전했다.각자의 소속사로 돌아가 활동에 집중하고 있는 멤버들이 다시 뭉쳐 그룹으로 움직인다는 건 현실적으로 많은 어려움이 따른다. 재결합을 모두 원한다고 하지만 이해 관계를 따지지 않을 수도 없는 노릇. 그럼에도 여전히 재결합을 원한다는 목소리가 나온다는 건 아이오아이, 워너원, 아이즈원에 대한 애정과 추억이 단단하기 때문이지 않을까. /elnino8919@osen.co.kr",http://www.osen.co.kr/article/G1112164777,"재결합,활동,아이오,아이,멤버"
"이효리 다음 화사, 현아 다음 권은비 [Oh!쎈 레터]","[OSEN=선미경 기자] 그룹 마마무 출신 화사와 아이즈원 출신 권은비가 ‘솔로퀸’의 후계자 역할을 충실히 해내고 있다.화사와 권은비는 요즘 가장 주목받고 있는 여자 솔로 주자다. 마마무와 아이즈원에서 탄탄하게 커리어를 시작한 두 사람은 솔로 가수로는 팀에서와는 또 다른 존재감을 드러낸다. 각각 독보적인 ‘솔로퀸’이었던 이효리와 현아의 후계자로 불리며 주목받고 있는 두 사람이다.지난 2014년 마마무로 데뷔한 화사는 데뷔 당시부터 확실한 실력과 끼를 가진 멤버로 주목받았다. 마마무 네 명의 멤버들이 워낙 개성이 강했지만, 그 중에서도 화사가 단연 돋보였던 것. 실력과 확실한 색을 바탕으로 데뷔한 마마무인 만큼 데뷔 후 음악과 무대에서 남다른 존재감을 보여줬고, 대중의 주목을 받기 시작했다.마마무가 확실한 콘셉트로 인기를 끌면서 멤버들도 주목받기 시작했다. 그리고 그 중 화사는 단연 압도적인 화제성을 가진 멤버였다. 예능에서 보여준 솔직하고 털털한 모습은 물론, 지난 2019년 솔로 데뷔곡 ‘멍청이(twit)’로 자신만의 서사를 쓰고, 무대를 채우는 솔로 가수가 됐다. 솔로 여가수들의 독보적인 계보에 위치해 있는 가수 이효리까지 칭찬을 더하며 큰 관심을 받게 됐다.솔로 가수로서 화사는 무대에서 확실한 존재감을 보여주는 아티스트였다. ‘멍청이’, ‘마리아(Maria)’, ‘I’m a 빛’까지 솔로 활동을 활발하게 해왔다. 이름을 내건 토크쇼 ‘화사쇼’까지 론칭하며 파급력을 키워왔다. 그리고 최근 RBW를 떠나 싸이의 피네이션에 새 둥지를 튼 화사는 솔로 가수로서 단연 압도적인 관심을 받는 아티스트가 됐다. 무대에서의 실력과 개성은 물론, 퍼포먼스가 갖는 화제성까지 이슈 메이커였다. 핑클 이후 독보적인 솔로 가수였던 이효리의 행보와 닮아 있어 더 주목되는 솔로 가수 화사다.권은비는 요즘 ‘핫’한 솔로 가수 대열에 합류했다. 지난 2018년 케이블채널 엠넷 ‘프로듀스 101’ 시즌2를 통해 아이즈원으로 정식 데뷔한 후 성공적으로 활동을 마쳤고, 이후 2021년 8월 솔로 아티스트로 데뷔했다. 그리고 2023년 주목받는 대세 솔로 가수가 됐다.사실 권은비는 아이즈원 활동 이후 솔로 데뷔 당시에는 크게 주목받지 못했다. K팝 업계가 워낙 그룹 활동 위주이기도 하고, 아이즈원의 그림자가 크기도 했다. 팀 활동으로 어느 정도 인지도와 팬덤을 갖고 있던 만큼 꾸준하게 솔로의 문을 두드려왔고, 그리고 기다리던 때를 드디어 맞게 됐다. 지난 해 10월 발표했던 ‘언더워터(Uderwater)’가 역주행 인기를 끌면서 주목받은 것.특히 권은비는 지난 6월 ‘워터밤’ 콘서트에 참가하게 되면서 더 주목받게 됐다. 앞서 가수 현아와 선미가 ‘워터밤’에서의 퍼포먼스로 화제가 됐었는데, 권은비가 아이즈원의 이미지를 탈피한 솔로 무대로 올해 신흥 ‘서머 퀸’으로 떠오르게 된 것. 권은비는 올해 ‘워터밤의 여신’으로 불리며 크게 화제를 모았고, 솔로 가수로서 드디어 자신의 색깔을 찾게 됐다. 원조 현아를 잇는 ‘워터밤 여신’의 세대교체로 불리고 있어 더 주목받고 있는 권은비의 행보다. /seon@osen.co.kr[사진]OSEN DB.",http://www.osen.co.kr/article/G1112161258,"솔로,주목,가수,화사,은비"
"르세라핌 김채원, 백만 년 만 갈색머리…아이즈원 때인 줄 [스타★샷]","그룹 르세라핌 김채원이 근황을 전했다.16일 김채원은 자신의 SNS를 통해 “첫 서울콘 끝”이라는 글과 함께 여러 장의 사진을 게재했다.사진=김채원 인스타그램공개된 사진은 무대 의상을 입은 그의 모습. 갈색머리로 변신한 김채원은 아이즈원 활동 시절을 떠올리게 하는 깜찍한 매력을 발산해 시선을 모은다.한편 2018년 프로젝트 그룹 아이즈원으로 데뷔한 김채원은 2022년 르세라핌으로 재데뷔했다. 르세라핌은 23일 일본 싱글 2집 ‘UNFORGIVEN’을 발표할 예정이다.박민지 온라인 기자[ⓒ 세계비즈앤스포츠월드 & sportsworldi.com, 무단전재 및 재배포 금지]",http://www.sportsworldi.com/newsView/20230816516187,"채원,세라핌,사진,그룹,아이즈"
아이즈원에는 조유리도 있다 [이슈&톡],"아이즈원에는 조유리도 있다 [이슈&톡] 2023. 08.14(월) 09:32 조유리 아이즈원활동 종료 확정 후 12명의 멤버들은 각자의 소속사로 돌아가 활동을 펼치고 있다. 아이즈원의 아성을 넘지 못할까 하는 우려가 있었지만, 각개 전투를 통한 활약상은 수준급이다. 하나씩 자리를 잡아가며 정상급 스타 반열에 올랐다.우선 안유진과 장원영은 아이브로 김채원과 사쿠라는 르세라핌으로 데뷔해 두각을 나타내고 있다. 야부키 나코와 혼다 히토미는 일본으로 돌아가 각자의 활동을 펼치고 있다.권은비는 ‘워터밤 여신’으로 떠오르며 승승장구 중이다. 논란으로 주춤한 모양새지만 최예나 역시 솔로 가수로 존재감을 드러냈고, 이채연 역시 솔로로 전향해 어느 정도 자리를 잡았다. 김민주와 강혜원은 연기 활동에 중심을 두고 활동을 진행 중이다.최근 돋보이는 멤버는 조유리다. 음악과 연기 두 분야에서 모두 성과를 내며 말 그대로 ‘두 마리 토끼’를 모두 잡았다.지난 9일 두 번째 미니앨범 ‘러브 올’(LOVE ALL)을 발매한 조유리는 타이틀곡 ‘택시’(TAXI)로 두드러진 활약상을 보이고 있다.신보 발매 직후부터 엠넷 ‘엠카운트다움’을 시작으로 MBC ‘쇼! 음악중심’, SBS ‘인기가요’와 KBS ‘새만큼 세계스카우트잼버리 K-팝 콘서트’ 무대를 순회하며 신곡을 소개했는데, 반응이 심상치 않다.‘직진 고백송’이라는 곡의 분위기가 반영된 ‘직진 댄스’가 강한 중독성을 선사하며, 댄스 챌린지 열풍을 일으키고 있다. 퍼포먼스뿐 아니라 아이즈원 메인 보컬 출신다운 라이브 실력도 주목받고 있다.다양한 오디션 출연과 아이즈원 출신이라는 이력으로 ‘가수’라는 이미지가 강한 상태지만, 최근 배우로서의 가능성을 보여줄 계기도 마련했다.지난해 웹드라마 ‘미미쿠스’를 통해 업계에 눈도장을 찍은 조유리는 티빙 ‘술꾼도시여자들2’ 특별출연을 거쳐 최근 넷플릭스 시리즈 ‘오징어 게임 시즌2’ 캐스팅 소식을 전했다.‘오징어 게임’은 지난 2021년 9월 공개 직후 국내외에서 신드롬에 가까운 인기를 끌었던 콘텐츠다. 글로벌 시장에서 작품성을 인정받으며 각종 시상식을 휩쓸었다.시즌2 제작 소식만으로도 화제를 모았는데, 여기에 조유리의 합류가 더해지며 K팝 팬들의 관심까지 받고 있다. 조유리는 앞서 유튜브 채널 ‘꼰대희’에 출연해 “(드라마 오디션을) 일주일에 두 개씩 봤는데 다 탈락하고 딱 하나 붙은 게 ‘오징어 게임’”이라며 기대를 드러냈다.음악과 연기 두 분야에서 정상급 활약을 펼치고 있는 조유리의 행보는 앞으로도 이어질 전망이다. 소속사는 ‘택시’ 활동뿐 아니라 “다양한 콘텐츠를 통해 소통하겠다”라는 활동 계획을 전하며 관심을 당부했다.[티브이데일리 김지하 기자 news@tvdaily.co.kr/사진=송선미 기자] [티브이데일리 김지하 기자] 프로젝트 그룹 아이즈원(IZONE)의 해체는 아쉬움을 남겼다. 한국과 일본에서 폭발적 인기를 끌었던 만큼 활동 연장 바람이 컸고 실제로 연장을 위한 움직임도 있었지만, 현실의 벽을 넘지 못했다.활동 종료 확정 후 12명의 멤버들은 각자의 소속사로 돌아가 활동을 펼치고 있다. 아이즈원의 아성을 넘지 못할까 하는 우려가 있었지만, 각개 전투를 통한 활약상은 수준급이다. 하나씩 자리를 잡아가며 정상급 스타 반열에 올랐다.우선 안유진과 장원영은 아이브로 김채원과 사쿠라는 르세라핌으로 데뷔해 두각을 나타내고 있다. 야부키 나코와 혼다 히토미는 일본으로 돌아가 각자의 활동을 펼치고 있다.권은비는 ‘워터밤 여신’으로 떠오르며 승승장구 중이다. 논란으로 주춤한 모양새지만 최예나 역시 솔로 가수로 존재감을 드러냈고, 이채연 역시 솔로로 전향해 어느 정도 자리를 잡았다. 김민주와 강혜원은 연기 활동에 중심을 두고 활동을 진행 중이다.최근 돋보이는 멤버는 조유리다. 음악과 연기 두 분야에서 모두 성과를 내며 말 그대로 ‘두 마리 토끼’를 모두 잡았다.지난 9일 두 번째 미니앨범 ‘러브 올’(LOVE ALL)을 발매한 조유리는 타이틀곡 ‘택시’(TAXI)로 두드러진 활약상을 보이고 있다.신보 발매 직후부터 엠넷 ‘엠카운트다움’을 시작으로 MBC ‘쇼! 음악중심’, SBS ‘인기가요’와 KBS ‘새만큼 세계스카우트잼버리 K-팝 콘서트’ 무대를 순회하며 신곡을 소개했는데, 반응이 심상치 않다.‘직진 고백송’이라는 곡의 분위기가 반영된 ‘직진 댄스’가 강한 중독성을 선사하며, 댄스 챌린지 열풍을 일으키고 있다. 퍼포먼스뿐 아니라 아이즈원 메인 보컬 출신다운 라이브 실력도 주목받고 있다.다양한 오디션 출연과 아이즈원 출신이라는 이력으로 ‘가수’라는 이미지가 강한 상태지만, 최근 배우로서의 가능성을 보여줄 계기도 마련했다.지난해 웹드라마 ‘미미쿠스’를 통해 업계에 눈도장을 찍은 조유리는 티빙 ‘술꾼도시여자들2’ 특별출연을 거쳐 최근 넷플릭스 시리즈 ‘오징어 게임 시즌2’ 캐스팅 소식을 전했다.‘오징어 게임’은 지난 2021년 9월 공개 직후 국내외에서 신드롬에 가까운 인기를 끌었던 콘텐츠다. 글로벌 시장에서 작품성을 인정받으며 각종 시상식을 휩쓸었다.시즌2 제작 소식만으로도 화제를 모았는데, 여기에 조유리의 합류가 더해지며 K팝 팬들의 관심까지 받고 있다. 조유리는 앞서 유튜브 채널 ‘꼰대희’에 출연해 “(드라마 오디션을) 일주일에 두 개씩 봤는데 다 탈락하고 딱 하나 붙은 게 ‘오징어 게임’”이라며 기대를 드러냈다.음악과 연기 두 분야에서 정상급 활약을 펼치고 있는 조유리의 행보는 앞으로도 이어질 전망이다. 소속사는 ‘택시’ 활동뿐 아니라 “다양한 콘텐츠를 통해 소통하겠다”라는 활동 계획을 전하며 관심을 당부했다.[티브이데일리 김지하 기자 news@tvdaily.co.kr/사진=송선미 기자] 기사제보 news@tvdaily.co.kr 김지하 기자의 다른 기사 보기 키워드 : 아이즈원 | 조유리 '정희' 조유리 ""정은지 선배와 컬래버 하고 싶다"" '정희' 조유리 ""'오징어 게임 2' 출연, 아직도 실감 안 나"" ‘올라운더’ 조유리, 신곡 ‘TAXI’로 컴백 후 음악방송 첫 1위 ‘올라운더’ 조유리, 오늘(10일) 본격 활동 시작",http://www.tvdaily.co.kr/read.php3?aid=16919731711682998010,"조유리,활동,아이즈,오징어,게임"
,,https://kookbang.dema.mil.kr/newsWeb/20230817/1/ATCE_CTGR_0060030002/view.do,
"예린, 신곡은 '밤밤밤'...아이즈원 작곡가 지원사격","가수 예린의 컴백 타이틀 곡이 베일을 벗었다.빌엔터테인먼트는 9일 자정 공식 SNS 계정을 통해 예린의 두 번째 미니앨범 '레디, 셋, 러브(Ready, Set, LOVE)'의 트랙리스트 이미지를 공개했다.아케이드 게임 화면으로 디자인된 트랙리스트 이미지는 레트로 감성을 저격하며 예린의 컴백에 대한 기대감을 한껏 끌어올렸다. 타이틀 곡 '밤밤밤'과 수록곡들이 마치 게임의 순위인 것처럼 트로피와 함께 랭크 되어 보는 이들의 흥미를 자극했다.사랑에 대한 다각도의 시선을 담은 이번 앨범에는 타이틀 곡 '밤밤밤 (Bambambam)'을 포함해 '루프탑 (Summer Charm)', 'THE DANCE (더 댄스)', '밤밤밤 (Bambambam) (Inst.)'까지 예린만의 매력을 녹여낸 4개의 트랙이 수록된다.트랙리스트와 함께 앨범 작업에 참여한 아티스트들의 이름이 적힌 크레딧도 공개됐다. 이루어지지 못한 전 연인을 향한 사랑을 노래한 이번 타이틀 곡 '밤밤밤'에는 아이즈원(IZ*ONE)의 '비올레타 (Violeta)'등 다수의 K팝을 히트 시킨 박슬기 작곡가가 작곡과 작사에 참여해 눈길을 끈다.이 밖에도 수록곡 '루프탑'에는 트와이스 첫 미국 빌보드 메인 차트 ‘핫 100’ 진입곡 ‘The Feels (더 필즈)’와 ‘Talk that Talk (톡댓톡)’을 작곡한 이우민이 작곡과 편곡에 참여해 예린과의 음악적 시너지에 대한 기대를 높였다.앞서 예린은 빌엔터테인먼트 공식 유튜브 채널을 통해 이번 신보의 녹음 장면, 안무 연습 장면, 콘셉트 포토 촬영 장면 등 컴백 스포일러 영상을 세 차례 공개해 다가오는 컴백을 기다리는 팬들의 뜨거운 반응을 자아냈다. 상반되는 분위기의 콘셉트 포토로 ‘콘셉트 장인’의 귀환을 알린 예린은 한층 깊어진 음악적 색깔로 올 여름 가요계를 더욱 뜨겁게 달굴 예정이다.한편, 예린의 두 번째 미니앨범 '레디, 셋, 러브'는 오는 23일 오후 6시 발매된다.홍혜민 기자 hhm@hankookilbo.com0 0 공유 카카오페이스북트위터URL 기사저장",https://www.hankookilbo.com/News/Read/A2023080913090001632?did=NA,"컴백,타이틀,밤밤,트랙리스트,공개"
"조유리, 아이즈원→'오징어게임2' 출연자로...신스틸러 '연기돌' 될까[Oh!쎈 이슈]","[OSEN=연휘선 기자] 걸그룹 아이즈원 출신 조유리가 '오징어 게임' 시즌2로 본격적으로 연기에 도전한다. 가수 겸 배우로 호평을 받을 수 있을지 벌써부터 기대를 모으고 있다.지난 5일 공개된 유튜브 채널 '꼰대희'에는 조유리가 게스트로 출연했다. 9일 발표할 두 번째 미니앨 범 'LOVE ALL'과 타이틀 곡 'TAXI'를 홍보하기 위해서였다. 그러나 앨범보타 더 크게 화제를 모은 건 조유리의 '오징어 게임' 시즌2 출연이었다.""공백기가 길었다""라고 밝힌 조유리는 김대희에게 ""재정비하는 시간이 필요했다. 드라마 미팅을 많이 했다. 오디션을 정말 많이 보러 다녔다. 일주일에 2개씩 보러다녔다. 다 떨어지고 하나 붙었다. '오징어 게임'에 됐다""라고 밝혀 놀라움을 자아냈다. 김대희는 ""내가 아는 그 '오징어 게임' 맞냐""라고 거듭 물으며 ""우리가 섭외를 잘했다""라며 기뻐했다.그도 그럴 것이 '오징어 게임' 시리즈는 넷플릭스 글로벌 1위를 기록한 작품이다. 전 세계에서 신드롬급 인기를 얻은 '오징어 게임'을 통해 해외 팬들에게 최근 'K콘텐츠'에 대한 인상이 한층 깊이 박혔다. 이에 힘입어 시즌2가 제작되는 가운데 조유리가 오디션으로 그 한 자리를 꿰찼다는 것이다.조유리는 Mnet 오디션 예능 '프로듀스 48'을 통해 프로젝트 걸그룹 아이즈원 멤버로 데뷔했다. '프로듀스 48' 안에서도 보다 중후반부 극적인 순위상승을 이뤄내 기적적으로 데뷔조 멤버가 됐고, 아이즈원으로 큰 사랑을 받았다. 그런 그가 '오징어 게임' 시즌2에 합류하며 본격적으로 연기자의 길을 걷는다고 하니, 자연스레 팬들의 이목이 쏠렸다.사실 조유리가 연기에 도전한 것은 '오징어 게임' 시즌2가 처음이 아니다. 그는 지난해 웹드라마 '미미쿠스'를 통해 연기에 도전했다. '미미쿠스'에서 그는 그룹 안에서 따돌림을 당하는 아이돌 멤버를 연기했다. 현실도 캐릭터도 아이돌이라는 점에서 조유리의 캐릭터 플레이는 한층 자연스러웠고 팬들에게 합격점을 받았다.물론 '오지어 게임' 시즌2와 '미미쿠스' 사이 격차가 상당한 만큼 우려의 시선도 존재한다. 안정적인 모습을 보여줬다고 해도, 웹드라마 한 편과 1천억원대 제작비를 자랑하는 세계적인 규모의 시리즈 작품을 견줄 수 없기 때문. 다만, '오징어 게임' 시리즈 외에도 다양한 넷플릭스 시리즈에서 다양한 신인 배우들이 눈도장을 찍은 바. 조유리 또한 '오징어 게임' 시즌2를 통해 가수 겸 배우이자 '연기돌'로 활약할 수 있을지 귀추가 주목된다. / monamie@osen.co.kr[사진] 유튜브, 넷플릭스 제공.",http://www.osen.co.kr/article/G1112158262,"게임,오징어,조유리,시즌,연기"
"최예나, 아이즈원 나코·히토미와 재회…”오랜만에 ‘Fiesta'”","[TV리포트=강성훈 기자] 아이즈원 출신 솔로 가수 최예나가 같은 그룹이었던 야부키 나코와 혼다 히토미를 만나 ‘Fiesta’ 무대를 꾸몄다.최예나는 9일 ‘SMILEY-Japanese Ver.-(feat.ちゃんみな)’로 일본에서 데뷔했다. 곡 홍보차 그는 같은 그룹 멤버였던 야부키 나코, 혼다 히토미와 함께 일본 TBS 계열 아침 버라이어티 프로그램 ‘라빗토!'(ラヴィット！)에 생방송으로 출연했다.세 사람은 나란히 서서 “아이즈원의 예나, 나코, 히토미입니다”라며 반갑게 인사했다.오랜만에 만난 세 사람은 IZ*ONE의 최대 히트곡 ‘FIESTA’를 같이 부르며 추억에 젖었다. 셋은 활동 때와 변함없는 깔끔한 퍼포먼스를 보여줘 보는 이들을 열광하게 했다.춤을 마친 후 최예나는 “사실 정말 오랜만이라 할 수 있을까 하는 생각이 들었다. 리허설 때 모니터를 보고 있었는데, 딱 맞는 느낌이었다”라고 말했다.혼다 히토미는 “우리 공연 시작 10분 전에 한 번만 리허설을 했다. 몸이 기억하고 있었다”고 밝혔고, 야부키 나코는 “즐거웠고, 소셜미디어에도 올라가기 때문에 팬들의 반응이 기대된다”라고 말했다.이 방송에 팬들은 “2년 만의 피에스타 감동했다”, “아침부터 울컥했다”, “다시 만나서 무대해줘서 고마워”, “꿈같은 영상”, “나중에 12명 다같이 꼭 모여줘 기다릴게” 등 다양한 반응을 보였다.한편 세 사람은 2018년 한일합작 오디션 프로그램 ‘프로듀스48’에 출연했다. 이후 IZ*ONE의 멤버로 발탁 돼 활동 종료 전까지 한국과 일본을 넘어 세계 각국에서 정말 큰 인기를 끌었다.강성훈 기자 ksh@tvreport.co.kr / 사진=TV리포트 DB, 혼다히토미 소셜미디어",https://www.tvreport.co.kr/https://tvreport.co.kr/breaking/article/749577/,"히토미,나코,혼다,최예나,부키"
‘오겜2’로 글로벌 스타 예약! 조유리 “연기+노래 다 사랑해”[SS현장],"[스포츠서울 | 정하은기자]‘오징어게임2’ 새 얼굴로 주목받은 가수 조유리가 본업으로 컴백했다.조유리가 9일 두 번째 미니 앨범 ‘러브 올’을 발매하고 돌아온다. 이날 앨범 발매를 앞두고 서울 광진구 예스24라이브홀에서 미디어 쇼케이스가 열렸다. 1년 2개월 만에 발표하는 신보에 조유리는 “어떤 모습으로 나오는게 좋을까 고민하다 보니 컴백이 늦었다”며 “공백기가 길었다. 1년 만에 컴백하는 만큼 야심차게 준비했다”고 오랜만에 컴백한 소감을 밝혔다.‘러브 올’은 사랑을 다룬 앨범이다. 탁구, 테니스 등 일부 구기 종목에서 사용하는 스포츠 용어인 ‘러브 올’은 ‘0:0’이라는 의미를 가진, 게임을 처음 시작할 때 외치는 단어다. 게임을 시작하듯 처음 사랑을 시작하는 순간부터 ‘모든 걸 사랑한다’는 단어 자체 의미처럼 사랑의 모든 순간까지 사랑에 관한 이야기가 담긴다.타이틀곡 ‘택시’는 조유리가 그려낼 ‘직진 고백송’이다. 사랑에 빠진 상대에게 달려가는 마음을 택시라는 수단을 통해 표현한 댄스 팝 장르의 곡이다. 택시를 타고 너에게 달려가겠다는 모습을 담은 포인트 안무가 특징이다. 조유리는 “실제로 운전면허가 없어서 어딘가 빠르게 가야할 때 택시가 떠오르더라. 누군가에게 빨리 달려가고 싶다는 생각을 하니 택시가 바로 떠올랐다. 키치하고 재밌었다”고 설명했다.“파격적인 비주얼 변신을 하고 싶었다. 180도 달라지고 싶었다”는 조유리는 금발머리나 진한 레드립, Y2K 패션 등 그간 볼 수 없었던 새로운 스타일링과 비주얼을 보여줬다.이번 앨범에는 타이틀곡 ‘택시’를 포함해 ‘레몬 블랙 티’, ‘비터 테이스트’, ‘행 온’, ‘멍’ 등 총 5곡이 수록된다. 수록곡 ‘레몬 블랙 티’ 작사에는 데이식스 영케이가 참여했다. 영케이의 감성이 녹아든 가사와 조유리의 목소리가 만나 시너지를 발휘할 예정이다.이번 활동 목표에 대해 조유리는 “들으시는 분들의 귀에 ‘직진’해서 꽂혔으면 좋겠다. 더위를 날려버릴 만한 시원한 앨범이 됐으면 좋겠다”는 바람을 밝혔다.조유리는 새 앨범 발매뿐만 아니라 연기 활동으로도 주목받고 있다. 최근 글로벌 히트를 기록한 넷플릭스 오리지널 시리즈 ‘오징어게임’ 시즌2 출연 소식으로 뜨거운 관심을 받았다. ‘오징어게임’ 시즌2 출연 계기에 대해 “좋은 기회로 오디션 기회가 생겨서 열심히 준비해서 오디션에 응했다. 너무 좋은 대선배님들과 함께해서 영광이었고 공개되면 좋게 봐주셨으면 좋겠다”고 말했다.꾸준히 연기 활동 의지를 보여온 조유리는 “앞으로도 작품 활동을 꾸준히 하고 싶다”며 “연기도 노래도 정말 사랑하는데, 좋아하는걸 일로 계속 할 수 있다는 거에 행복함을 느끼고 있다”고 말했다.엠넷 ‘프로듀스48’을 통해 데뷔한 프로젝트 그룹 아이즈원에서 메인 보컬로 활약한 조유리는 2021년 10월 첫 번째 싱글 ‘글래시’를 내며 솔로 가수 활동을 시작했다. 이후 첫 번째 미니앨범 ‘오프스 넘버 22 와이 왈츠 : 인 메이저’와 두 번째 싱글앨범 ‘오프스 넘버 22 와이 왈츠 : 인 마이너’로 솔로 아티스트로서 음악 스펙트럼을 넓혀왔다.자신만의 강점을 음색으로 꼽은 조유리는 “제 목소리를 들으면 바로 ‘유리 음색’이라고 알아주시더라”라며 더 다양한 음악을 보여주고 싶다는 바람도 덧붙였다.jayee212@sportsseoul.com",https://www.sportsseoul.com/news/read/1338110?ref=naver,"조유리,사랑,앨범,택시,게임"
[허지영의 케해석]'지문 음색'에서 '오겜 스타'로…조유리를 믿을 수 있는 이유,"주목할만한 케이팝 아티스트, 허지영 기자가 케-해석 해봤습니다!viewer 넷플릭스 오리지널 시리즈 ‘오징어 게임 2’ 캐스팅 라인업 / 사진=넷플릭스viewer 가수 조유리 / 사진 =웨이크원viewer 가수 겸 배우 조유리가 서울경제스타 인터뷰에 앞서 포즈를 취하고 있다. / 사진=김규빈 인턴기자viewer 조유리 미니 2집 '러브 올' 콘셉트 포토 / 사진=웨이크원viewer 조유리 미니 2집 '러브 올' 콘셉트 포토 / 사진=웨이크원viewer 가수 조유리가 9일 오후 서울 광진구 예스24라이브홀에서 진행된 미니 2집 ‘러브 올(LOVE ALL)’ 쇼케이스에서 타이틀곡 무대를 선보이고 있다. 김규빈 기자< 저작권자 ⓒ 서울경제, 무단 전재 및 재배포 금지 >'오징어 게임' 시즌 1이 발굴한 최고의 스타는 단연 정호연일 것이다. '오징어 게임' 이전에도 모델로 잘 나갔던 그지만, '오징어 게임' 이후 세계적 스타로 우뚝 섰다. 그렇다면 시즌 2에서 정호연의 '라이징 스타' 롤을 가져갈 사람은 누구일까. '넷플릭스의 딸' 박규영, 말도 많고 탈도 많은 최승현, 그러나 이들은 충분한 스타성을 확보했다. 그들 옆에 귀여운 외모의 작은 소녀가 있다. 가수와 배우 두 마리 토끼를 노리는, 조유리다.조유리는 2017년과 2018년 방송한 데뷔 서바이벌 프로그램 '아이돌 학교', '프로듀스 48'을 통해 배출된 가수다. '아이돌 학교'에서는 최종 순위 15위로 탈락했지만 '프로듀스 48'에서는 최종 순위 3위에 올라 아이즈원(IZ*ONE) 멤버가 됐다. 그룹이 해체한 2021년, 조유리는 출중한 보컬 능력을 살려 솔로 가수 활동을 시작했다. 싱글 '글래시(GLASSY)', 곡 '러브 쉿!', '러버블(Loveble)' 등 2년간 세 차례 앨범을 발매했다.미니 1집을 발매하고 한 달여 뒤인 2021년 7월, 조유리는 연기에도 발을 들였다. 플레이리스트 웹드라마 '미미쿠스'다. 그는 예술 고등학교에 진학하며 아이돌이 된 '오로시'를 자연스럽게 연기해 첫 연기임에도 호평받았다. 이어 올해 초 TVING 오리지널 드라마 '술꾼도시여자들 2'에서 '시은' 역으로 특별 출연하며 시청자에게 재차 눈도장을 찍었다. 배우 데뷔작에서 눈물 연기도 무리 없이 소화하고, 특별 출연에도 묻히지 않는 존재감을 발휘한 덕에 조유리의 연기를 기대하는 팬도 생겨나기 시작했다.두 번의 작품에서 인상적인 연기를 보였지만 조유리의 본업은 역시 출중한 보컬 실력을 갖춘 가수다. '프로듀스 48'에서부터 보여준 역량은 아이즈원 메인 보컬로서 빛났다. 아이즈원의 히트곡'비올레타(Violeta)', '라비앙 로즈(La Vie en Rose)', 환상동화(Secret Story of the Swan)', '파노라마(Panorama)' 등은 맑고 청초한 멜로디와 파워풀한 에너지가 동시에 느껴진다는 특징이 있는데, 이 중 '파워풀한 에너지'가 조유리의 목소리에서 나왔다. 아이즈원 곡의 필수 요소인 '고음 파트'도 대부분 조유리가 담당했다.조유리의 음색은 독특하다. 작은 체구와 동글동글한 외모이지만, 이에 반전되는 허스키한 음색이다. 조유리는 탁하면서도 부드러운 음색과 섬세한 창법을 결합해 그만의 감성을 만들어 냈다. 동시에 상당히 넓은 음역대를 소화할 수 있다는 점도 큰 강점이다. JTBC 음악 예능 '비긴어게인'에서 나미의 '슬픈 인연'을 부른 영상은 팬들 사이에서 조유리의 저음 매력을 확인할 수 있는 커버 무대로 꼽힌다.솔로 음반에서는 조유리의 다양한 보컬적 매력을 확인할 수 있다. '글래시'에서는 힘을 빼고 부르는 창법으로 통통 튀면서 동시에 차분하게 누르는 듯한 독특한 감성을 표현했고, '러브 쉿!'에서는 청량한 분위기의 음악을 따뜻한 음색으로 소화해 조유리 표 청량함을 선보였다. '러버블'은 미니멀한 트랙 위에 올라탄 조유리의 포근한 음색을 가장 잘 느낄 수 있는 곡이다.9일 발매한 신보 '러브 올'에서도 조유리는 마음껏 역량을 발휘했다. 타이틀곡 '택시(TAXOI)'에서는 앞선 곡에 비해 다소 단단해진 음색이 눈에 띈다. 파트에 따라 휙휙 바뀌는 발성의 변화도 돋보인다. 귀를 이끄는 도입부의 가성 파트, 뚜렷하게 분리된 후렴구, 귀에 속삭이는 듯 부드럽게 발음하는 브릿지 등, 조유리가 3분도 채 되지 않는 노래 한 곡을 얼마나 섬세하게 해석하려 애썼는지 여실히 느껴진다. 덕분에 솔로 곡임에도 불구하고 마치 그룹의 곡을 듣는 듯 다채로운 매력이 느껴진다.1년 2개월 만의 신보. 조유리는 ""욕심이 생겨서 시간이 오래 걸렸다""고 밝혔다. 이미 노래 실력으로는 '불후의 명곡', '비긴 어게인' 등을 통해 대중에게도 인정받은 그다. 한 번 들으면 알아들을 수 있는 개성있는 목소리로 '지문 음색'이라는 수식어까지 얻었지만 이번 앨범에서는 기초적인 발성도 일부러 바꿔가며 끈질기게 최선을 좇았다.'노력하는 자만이 기회를 잡는다'는 말이 잘 어울리는 조유리다. '오징어 게임 2'에 캐스팅된 건 그의 노력파 기질이 기회를 잡은 덕이다. 사실 조유리는 '프로듀스 48' 시절부터 오디션을 일주일에 두 개 씩 볼 정도로 연기에 욕심이 있었고, 그에 응당한 노력을 해왔다. 첫 연기 도전인 '미미쿠스'에서 자연스러운 눈물 연기를 할 수 있었던 건 그의 말을 빌려 '종 치면 침 흘리는 개처럼' 연습한 덕이었다. 조유리 측 관계자는 이번 '오징어 게임 2' 캐스팅을 두고 ""좋은 기회가 있었고, 조유리가 정말 피 나는 노력을 하며 열심히 준비하더니 오디션에 붙어 왔다""고 귀띔하기도 했다.조유리는 신보를 발매한 9일부터 약 2~3주간은 앨범 활동에 집중할 계획이다. '오징어 게임 2' 촬영을 병행할 수도 있었지만, 1년여 만에 앨범이 나온 만큼 가수로서의 조유리를 제대로 보여주겠다는 전략이다. 앨범 활동이 끝나면 본격적으로 '오징어 게임 2' 촬영에 들어간다. 배역은 공개되지 않았으나, 주요 캐스팅 라인업에 이름을 올린 만큼 조유리의 역량이 충분히 드러날 것으로 보인다. ""노래·연기 모두 좋아하는 일이기에 행복한 마음뿐""이라는 조유리. 즐기는 노력파를 이길 자는 없다. 앞으로 나아갈 일만 남은 그다.",https://www.sedaily.com/NewsView/29TDMII1BK,"조유리,연기,오징어,게임,가수"
"권은비, 워터밤 여신? 본업은 가수에요 [M+가요진단]","권은비 컴백, 최근 워터밤에서 글래머러스한 몸매로 화제가 된 권은비가 가수로 돌아온다. 사진=천정환 MK스포츠 기자권은비는 2일 오후 6시 각종 음원 사이트를 통해 첫 번째 싱글 ‘더 플래시(The Flash)’를 발매하고 뜨거운 여름 대중들의 마음을 녹이러 나섰다.새 싱글 ‘더 플래시’는 뜨거운 여름날의 열기를 잠재워줄 그만의 강렬하고 글래머러스한 사운드와 청량한 매력까지 모두 느낄 수 있는 서머 시즌 앨범이다. ◆ 올여름은 내 것권은비는 2일 오후 6시 각종 음원 사이트를 통해 첫 번째 싱글 ‘더 플래시(The Flash)’를 발매한다.동명의 타이틀곡 ‘더 플래시’는 신화적 인물인 페르세포네를 모티브로 한 팝 댄스 장르의 곡이다. 붉은빛의 석류를 삼킨 페르세포네의 이야기를 베이스로 완성된 가사는 빠져드는 서로의 감정을 숨겨진 단어들을 조합해 정답을 찾아가는 낱말 퍼즐 형식으로 구성됐고, 여기에 권은비만의 보컬과 퍼포먼스가 더해져 완성도 높은 곡이 탄생했다.이 외에도 미지의 세계를 여행하는 떨림과 설렘이 공존하는 페스티벌 뮤직 ‘코멧(Comet)’, 반복되는 지루한 일상을 벗어나 한밤중 어디론가 떠나는 자유롭고 짜릿한 순간을 표현한 ‘뷰티풀 나이트(Beautiful Night)’까지 새 싱글에 담겼다.특히 ‘뷰티풀 나이트’는 권은비가 직접 작사에 참여해 기대를 더한다. ‘도어(Door)’, ‘오프(OFF)’, ‘하이(Hi)’ 등 전작들을 통해 탄탄한 음악적 역량을 입증한 그는 또 한 번 자신만의 음악적 감성과 진정성 있는 이야기를 담아냈다.여기에 권은비는 이번 앨범을 통해 중독성 강한 비트와 멜로디, 리본을 이용한 퍼포먼스로 팬들의 마음을 사로잡을 예정이다. 최근 워터밤에서 글래머러스한 몸매로 화제가 된 권은비가 가수로 돌아온다.권은비는 2일 오후 6시 각종 음원 사이트를 통해 첫 번째 싱글 ‘더 플래시(The Flash)’를 발매하고 뜨거운 여름 대중들의 마음을 녹이러 나섰다.새 싱글 ‘더 플래시’는 뜨거운 여름날의 열기를 잠재워줄 그만의 강렬하고 글래머러스한 사운드와 청량한 매력까지 모두 느낄 수 있는 서머 시즌 앨범이다.권은비는 2일 오후 6시 각종 음원 사이트를 통해 첫 번째 싱글 ‘더 플래시(The Flash)’를 발매한다.동명의 타이틀곡 ‘더 플래시’는 신화적 인물인 페르세포네를 모티브로 한 팝 댄스 장르의 곡이다. 붉은빛의 석류를 삼킨 페르세포네의 이야기를 베이스로 완성된 가사는 빠져드는 서로의 감정을 숨겨진 단어들을 조합해 정답을 찾아가는 낱말 퍼즐 형식으로 구성됐고, 여기에 권은비만의 보컬과 퍼포먼스가 더해져 완성도 높은 곡이 탄생했다.이 외에도 미지의 세계를 여행하는 떨림과 설렘이 공존하는 페스티벌 뮤직 ‘코멧(Comet)’, 반복되는 지루한 일상을 벗어나 한밤중 어디론가 떠나는 자유롭고 짜릿한 순간을 표현한 ‘뷰티풀 나이트(Beautiful Night)’까지 새 싱글에 담겼다.특히 ‘뷰티풀 나이트’는 권은비가 직접 작사에 참여해 기대를 더한다. ‘도어(Door)’, ‘오프(OFF)’, ‘하이(Hi)’ 등 전작들을 통해 탄탄한 음악적 역량을 입증한 그는 또 한 번 자신만의 음악적 감성과 진정성 있는 이야기를 담아냈다.여기에 권은비는 이번 앨범을 통해 중독성 강한 비트와 멜로디, 리본을 이용한 퍼포먼스로 팬들의 마음을 사로잡을 예정이다.가수 권은비가 워터밤에서 매력을 발산했다. 사진=권은비 SNS◆ 여름 하면? 권은비=워터밤, 이제 공식이다최근 국내 음악 페스티벌 ‘워터밤(WATERBOMB)’에서 권은비는 하늘색 비키니에 짧은 미니스커트를 매치한 파격적인 스타일링으로 등장부터 시선을 압도했다.그는 무대에서 섹시하고 화끈한 퍼포먼스로 대중들의 이목을 사로잡았다. 특히 권은비는 S라인에 군살 없이 완벽한 몸매라인을 과시해 더욱 주목받았고, 뭇 남성 팬들의 마음을 설레게 했다.이에 권은비는 국내를 넘어 일본 ‘워터밤’까지 사로잡으며 명실공히 ‘워터밤 여신’으로 자리 잡았다. 최근 국내 음악 페스티벌 ‘워터밤(WATERBOMB)’에서 권은비는 하늘색 비키니에 짧은 미니스커트를 매치한 파격적인 스타일링으로 등장부터 시선을 압도했다.그는 무대에서 섹시하고 화끈한 퍼포먼스로 대중들의 이목을 사로잡았다. 특히 권은비는 S라인에 군살 없이 완벽한 몸매라인을 과시해 더욱 주목받았고, 뭇 남성 팬들의 마음을 설레게 했다.이에 권은비는 국내를 넘어 일본 ‘워터밤’까지 사로잡으며 명실공히 ‘워터밤 여신’으로 자리 잡았다.가수 권은비가 역주행의 아이콘으로 자리잡았다. 사진=김재현 MK스포츠 기자◆ ‘역주행 아이콘’, ‘서머퀸’ 타이틀까지 붙었죠권은비를 향한 관심은 비단 외모에서 그치지 않았다. 지난 미니 3집 앨범 ‘리탈리티(Lethality)’의 타이틀곡 ‘언더워터(Underwater)’가 역주행하기 시작한 것이다. 특히 ‘언더워터’는 두 번의 역주행을 기록했고, 권은비는 가수로서도 다시 주목받기 시작했다.이후 권은비를 향한 다양한 수식어가 붇게 됐다. 이에 권은비가 오랜만에 선보이는 첫 번째 싱글에서 어떠한 모습을 대중들에게 선사할지 궁금증과 기대를 모은다. 권은비를 향한 관심은 비단 외모에서 그치지 않았다. 지난 미니 3집 앨범 ‘리탈리티(Lethality)’의 타이틀곡 ‘언더워터(Underwater)’가 역주행하기 시작한 것이다. 특히 ‘언더워터’는 두 번의 역주행을 기록했고, 권은비는 가수로서도 다시 주목받기 시작했다.이후 권은비를 향한 다양한 수식어가 붇게 됐다. 이에 권은비가 오랜만에 선보이는 첫 번째 싱글에서 어떠한 모습을 대중들에게 선사할지 궁금증과 기대를 모은다.권은비의 아이즈원 활동당시 모습, 사진=천정환 MK스포츠 기자",https://www.mk.co.kr/article/10799397?refer=portal,"은비,워터,싱글,통해,플래시"
"권은비, '워터밤 여신'의 포텐 터진 매력[TF초점]","권은비, '워터밤 여신'의 포텐 터진 매력[TF초점]입력: 2023.08.05 00:00 / 수정: 2023.08.05 00:00권은비가 2일 싱글 'The Flash'를 발매했다. '워터밤 여신'으로 주목 받고 있는 그는 이번 싱글에서 자신의 매력을 제대로 살렸다. /울림엔터[더팩트 | 정병근 기자] 권은비는 그룹 아이즈원에서 솔로로 데뷔한 뒤 가장 많은 주목을 받고 있다. '워터밤 여신'이란 수식어가 그의 존재감을 설명해준다. 그런 권은비가 자신의 매력을 가장 잘 살린 싱글 'The Flash(더 플래시)'로 돌아왔다. 한창 상승세를 타고 있는 때 타이밍 좋은 컴백이다.권은비가 가수로 첫발을 뗀 건 아이즈원보다 더 빠르다. 그는 2014년 그룹 예아로 데뷔해 짧게 활동을 했고 이후 2018년 Mnet '프로듀스48'을 거쳐 그해 10월 아이즈원으로 재데뷔했다. 2021년까지 그룹으로 폭발적인 사랑을 받은 그는 그해 8월 마침내 솔로 가수로 새로운 도전을 시작했다.솔로 데뷔 3년 차를 맞은 권은비는 그간 3장의 솔로 앨범 'OPEN(오픈)', 'Color(컬러)', 'Lethality(리탈리티)'를 통해 춤, 노래, 작사, 작곡까지 가능한 올라운더로서의 면모를 보여줬다. 그룹에서 솔로로 나선 그는 다양한 콘셉트를 소화하며 스펙트럼을 넓혔고 색깔을 찾아갔다.지난 2일 발매한 싱글 앨범 'The Flash'는 권은비가 무대를 온전히 장악하는 솔로 가수로 성장했음을 확실하게 보여준다.'The Flash'는 뜨거운 여름날의 열기를 잠재워 줄 강렬하고 글래머러스한 사운드와 청량한 매력까지 느낄 수 있는 총 3가지 장르로 구성된 서머 시즌 앨범이다. 권은비는 동명의 타이틀곡 'The Flash'와 'Comet(코멧)', 'Beautiful Night(뷰티풀 나이트)' 3곡에 자신의 다채로운 매력을 담았다.타이틀곡 'The Flash'는 신화적 인물인 '페르세포네'를 모티브로 완성된 팝 댄스 장르다. 꽃과 정원을 사랑하는 소녀, 모두에게 사랑받는 별을 상징하는 화이트와 저승의 여왕이 되기로 결심한 여인, 인형의 집을 탈출해 달려 나가는 노라를 상징하는 블랙의 메타포를 믹스매치해 자유의지의 '선택'이라는 키워드를 현대적으로 재해석했다.붉은빛의 석류를 삼킨 '페르세포네'의 이야기를 베이스로 한 가사는 서로에게 한 걸음씩 빠져드는 순간들을 하나의 게임처럼 표현했고, 숨겨진 단어들을 조합해 정답을 찾아가는 낱말 퍼즐 형식으로 구성했다. 여기에 권은비만의 과감하고 에너지 넘치는 보컬과 퍼포먼스가 더해졌다.우아한 비주얼에서 풍기는 신비로운 분위기에 댄스팀으로 활동하면서부터 내공을 쌓은 걸출한 퍼포먼스와 안정적인 가창력이 뒷받침된 맑은 음색이 어우러져 몽환적이면서도 청량하다. /울림엔터그리스 신화의 여신을 콘셉트로 가져 온 권은비는 매혹적이다. 우아한 비주얼에서 풍기는 신비로운 분위기에 댄스팀으로 활동하면서부터 내공을 쌓은 걸출한 퍼포먼스와 안정적인 가창력이 뒷받침된 맑은 음색이 어우러져 몽환적이면서도 청량하다. 끈을 활용한 퍼포먼스는 권은비만의 독창적인 무대를 완성한다.'Beautiful Night(뷰티풀 나이트)'는 권은비의 또 다른 매력을 확인할 수 있다. 밴드 연주에 맞춰 시원하게 뻗는 권은비의 보컬은 지루한 일상을 벗어나 한밤중 어디론가 떠나는 자유롭고 짜릿한 순간의 느낌을 제대로 표현한다. 퍼포먼스 없이 목소리만으로도 경쟁력 있는 가수임을 보여주는 곡이다.권은비는 'Beautiful Night' 가사를 썼다. 그는 ""곡 분위기와 어울리는 가사로 뭐가 좋을까 많이 고민했는데 오래 걸리진 않았다. 한밤중 어디론가 떠나고 싶은 자유로운 마음으로 가사를 썼다. 가사 중 '꿈결 같은 이 밤'을 좋아한다. 많은 분들이 들으면서 힐링 할 수 있는 곡이 될 것""이라고 설명했다.이밖에도 'Comet(코멧)'은 청량한 기타 사운드가 매력적인 일렉트로 틴 팝 장르의 곡으로 미지의 세계를 여행하는 설렘을 표현했다.단 3곡이 실렸을 뿐이지만 권은비의 폭넓은 음악 스펙트럼과 역량을 확인하기엔 충분하다. 이전 앨범까지 자신에게 딱 맞는 색깔을 찾는 과정이었다면, 이번 싱글은 어떻게 해야 자신이 가장 빛나고 매력적인지 오롯이 알고 만든 것처럼 권은비라는 가수에게 딱 들어맞는다.권은비는 '워터밤 여신'으로 주목을 받은 것에 그치지 않고 자신의 매력을 온전히 담은 앨범으로 존재 가치를 증명했다.곧 솔로 데뷔 2주년은 앞둔 그는 ""팀으로 활동하면서도 많은 걸 배웠지만 솔로로 2년 동안 활동하면서 많이 배우며 성장하고 있다. 아직도 배울 게 많다. 앨범 낼 때마다 새로운 걸 접하고 배우면서 오래 활동하면 좋겠다. 곧 2주년인데 새 앨범으로 많은 분들께 권은비를 알릴 수 있게 돼서 좋다. 무대로 보답하는 권은비가 되겠다""고 말했다.kafka@tf.co.kr[연예부 | ssent@tf.co.kr]",http://news.tf.co.kr/read/entertain/2034988.htm,"은비,매력,솔로,앨범,자신"
,,https://kookbang.dema.mil.kr/newsWeb/20230807/1/ATCE_CTGR_0060030002/view.do,
"조유리 ""'오징어게임 2' 출연 확정, 순간 삭제될 정도…꿈처럼 느껴져"" ('정희')","조유리 / 사진=텐아시아DB그룹 아이즈원 출신 조유리가 ‘오징어게임 2’ 캐스팅 후 심경을 밝혔다.17일 방송된 MBC FM4U ‘정오의 희망곡 김신영입니다’에는 가수 조유리가 출연했다.조유리는 ‘오징어게임 2’에 캐스팅 된 것에 대해 “제가 오디션을 오래 봤던 작품이었다. 출연 확정 연락을 받았을 때 너무 기뻤다. 그 순간만 삭제된 것처럼 갑자기 텐션이 업 되니까 어땠는지 기억이 잘 안났다. 꿈처럼 느껴졌다. 그 정도로 기뻤다”라고 전했다.이에 김신영은 영화 '헤어질 결심' 캐스팅 당시 비슷한 경험을 했다고 밝히며 ""'이게 꿈인가'라는 생각이 들었고, 몰래카메라인 줄 알았다""며 ""촬영하고 VIP 시사회를 경험해야 실감이 난다""고 조언했다.그룹 아이즈원으로 데뷔할 수 있었던 엠넷 오디션 프로그램 ‘프로듀스 48’과 ‘아이돌학교’도 언급했다. 김신영이 “오디션의 산 증인 맞다”라고 감탄했다. 조유리는 “오디션을 좀 많이 봤다”라고 전했다.조유리는 “오디션 보러 가기 전 조금 긴장하다가 무대에 올라가거나 들어가면 굉장히 풀리는 편이다”라고 말했다.김세아 텐아시아 기자 haesmik@tenasia.co.kr",https://tenasia.hankyung.com/tv/article/2023081779394,"조유리,오디션,캐스팅,김신영,아시아"
"[단독] '아이즈원 출신' 김민주, 한국판 '청설' 주연 낙점","본격적인 배우 행보를 걷는 아이즈원 출신 김민주가 스크린을 통해 인사한다.19일 영화계에 따르면 김민주는 최근 영화 '청설(Hear Me·조선호 감독)' 주연으로 낙점 돼 촬영을 준비 중이다. 앞서 합류 소식이 전해졌던 홍경 노윤서와 함께 싱그러운 청춘 로맨스 호흡을 맞추게 될 것으로 기대를 모은다.'청설'은 손으로 말하는 여자와 그녀에게 첫눈에 반한 남자가 만나 마음이 듣고 가슴으로 느낀 두 남녀의 떨리는 연애 스토리를 그리는 영화다. 2010년 개봉한 동명의 대만 영화를 원작으로 하는 한국판 리메이크 작품으로, 국내에도 탄탄한 마니아 층을 형성하고 있어 제작 단계부터 화제를 모았다.김민주는 극 중 노윤서의 동생이자 수영 선수로 설정 된 캐릭터를 연기한다. 원작에서는 언니로 등장한 인물이지만 한국판에서는 동생 역할로 변경됐다. 수영은 물론 수화 연기까지 소화해야 하는 만큼 김민주는 촬영 전 도전을 위한 만반의 준비에 돌입했다는 후문이다.특히 김민주는 2019년 독립 영화 '어제 일은 모두 괜찮아'를 통해 관객들에게 인사한 바 있지만, 상업 영화 주연으로는 '청설'이 사실상 첫 스크린 데뷔작이나 다름 없다. MBC '금혼령, 조선 혼인 금지령'을 통해 배우로서 가능성을 증명한 김민주가 차기작으로 단박에 스크린 주연 자리를 따낸 것.2018년 Mnet 걸그룹 서바이벌 '프로듀스 48'에서 최종 선발돼 걸그룹 아이즈원(IZ*ONE)으로 글로벌 인기를 구가한 김민주는 2021년 4월 아이즈원 활동 마무리 후 연기에 뜻을 표하며 새로운 시작을 알렸다. 김민주 특유의 싱그러운 이미지가 '청설'에서 어떻게 빛날지, 충무로의 새로운 보석으로 자리매김할 수 있을지 관심이 쏠린다.'청설'은 영화사 무비락이 제작, 오는 8월 중 크랭크인을 목표로 하고 있다.조연경 엔터뉴스팀 기자 cho.yeongyeong@jtbc.co.kr (콘텐트비즈니스본부)",https://news.jtbc.co.kr/article/article.aspx?news_id=NB12135775,"김민주,영화,청설,아이즈,스크린"
얼마나 닮았길래? ITZY 채령 “엄마도 언니 이채연과 나를 구분 못해”,"[스포츠서울 | 김태형기자] 그룹 있지 채령이 그룹 아이즈원 출신 이채연과 닮은 외모로 화제를 모았다.3일 유튜브 채널 ‘캐릿 Careet’에는 ‘[EN] 있지 신곡 CAKE 안무 = 치매 예방 댄스 (난이도 최상) 광희 : 케잌 케...잌..켘 | ITZY 예지 & 채령 | [가내조공업 Ep.16]’이라는 영상이 게재됐다. 그룹 있지(ITZY) 예지, 채령이 게스트로 출연했다.황광희는 “있지는 무대의 돌발상황을 정리를 잘하는 것 같다”라고 칭찬했다. 그는 “JYP가 진짜 잘 뽑았다”라고 덧붙였다.예지는 있지에서만 쓰는 말이 있다며 “저희끼리 ‘워러컴(watercome)’이라는 말을 쓴다. 물올랐다는 뜻이다”라고 설명했다.그 말에 황광희는 “너무 뜻이 좋다”라며 “우리는 친구들끼리 만나면 ‘얼굴 맛탱이 갔다’라고 하는데, 우리도 ‘워러컴’이라고 해주자”라고 말해 웃음을 안겼다.이어서 채령은 언니 이채연과 너무 닮아서 어머니도 사진을 구분 못한 에피소드를 꺼냈다.채령은 “어렸을 때 사진이 필요해서 단톡방에 ‘나 어렸을 적 사진 갖고 있는 사람 좀 보내줘’ 했는데, 언니가 사진을 보내줬다”라며 “‘이거 언니 아니야?’라고 했더니 (이채연이) ‘아니야 이거 너야’라더라. 그래서 엄마한테 물어봤더니 엄마가 ‘헐 기억이 안 나. 엄마 기억상실인가’라고 하셨다”라고 말해 웃음을 안겼다.예지도 사진을 보고 “채연 언니인가 하고 봤는데 채령이도 있다”라며 헷갈려 하는 모습을 보였다.채령은 “그래서 팬분들이 헤어라인과 귀로 추측한 결과, 저였다”라고 밝혔다.tha93@sportsseoul.com",https://www.sportsseoul.com/news/read/1336427?ref=naver,"채령,사진,예지,언니,그룹"
"[조성진의 가창신공] 오윤동, 8K 음악영화 끝판왕…김호중 새 영화 감독까지","사진=조성진[스포츠한국 조성진 기자] 방탄소년단(BTS), 블랙핑크, 세븐틴, 엔시티드림, 몬스타엑스, 트와이스, 동방신기, 2AM, 엑소(EXO), 소녀시대, 샤이니, 그리고 김호중‧임영웅까지. 당대 빅스타의 콘서트/다큐 영화가 모두 그의 손에서 완성됐다.8K 화질로 영화를 찍으려면 렌즈부터 조명 등 그 외 모든 장비가 갖추어져야만 가능하다. 제작비도 많이 들고, 용량도 작품 한 편당 무려 60테라바이트나 된다. 이처럼 어려운 작업이지만 결과물이 나왔을 때의 성취감은 남다를 수밖에 없다. UHD 화질의 4배 이상의 현존하는 최고의 화질인 8K를 고집하며 빅스타들의 음악영화를 찍고 있는 그는 이제 이 분야에선 세계 최강의 독보적 존재가 됐다.일본의 세계적인 엔터테인먼트 기업 ‘에이벡스’의 요청으로 일본 아이돌 그룹 ‘비퍼스트(Be First)’ 영화를 찍었고 추후 영국의 세계적인 록그룹 콜드플레이도 8K 영화로 제작 관여가 기대된다.38살, 어쩌면 ‘젊을 수도’ 있는 나이에 이미 자신의 분야 최고의 위치에 오른 ‘CJ 4D플렉스 스크린X’ 팀장인 오윤동 감독을 만났다.사진=조성진오윤동은 올해 안에 개봉 예정인 김호중의 세 번째 영화도 감독을 맡아 김호중의 개인적이고도 다양한 스토리와 빼어난 영상미를 선보일 예정이다. 이미 그는 김호중의 첫 번째 영화 ‘그대 고맙소’(2020)와 두 번째 영화 ‘인생은 뷰티풀:비타돌체’(2022) 감독으로 일한 바 있어 김호중과는 남다른 호흡을 자랑한다.오윤동 감독은 영화 ‘그대 고맙소’를 찍으며 김호중과 처음 만났다. 당시 김호중은 어떠한 질문이라도 매우 성실하게 대답해 오윤동 감독에게 깊은 인상을 남겼다. 알면 알수록 감동을 더해주는 김호중의 따뜻한 인간미와 깊은 배려심도 오윤동 감독에겐 남다르게 다가왔다. 여러 슈퍼스타와 작업했던 오 감독은 김호중의 꾸밈없는 솔직담백함에 반한 것이다.“김호중에게서만큼은 연예인 같은 느낌이 전혀 들지 않았어요.”김호중 관련 심층 기사는 스포츠한국 ‘조성진의 가창신공’ 2022년 3월 2일과 6월 20일 자를 참조하면 된다.오윤동 감독은 중국 베이징필름아카데미(북경전영학원)에서 전문사 과정을 공부했다. 베이징필름아카데미는 장예모(장이머우), 천카이거, 유역비, 조미, 황효명 등 수많은 배우와 감독을 배출한 곳이다. 그러나 유학 전부터 영화적 재능이 돋보였다. 그가 10대 시절에 제작한 단편영화 ‘꽃으로도 때리지 말라’는 국내 단편 영화계에 큰 반향을 일으켰고 원로배우 김혜자에게도 영감을 줄 정도였다.2009년 SK텔레콤 라이브 음악프로그램 ‘라이브 세션’ 조연출을 맡으며 데뷔했다. 이때 메인PD였던 사수와의 인연으로 외주제작사 ‘패뷸러스’의 창업 멤버로 함께 하며 2010년 ‘라이브인 3D 휘성 : 잇츠 리얼’과 ‘2AM SHOW’, 2012년 ‘I AM:SMTOWN 라이브 월드투어’ 등 여러 아티스트 영상을 제작/개봉했고, 2012년엔 파리에서 뮤지컬 ‘모차르트 락오페라’를 촬영해 국내 개봉하기도 했다.당시 3D 영상을 찍는 회사는 국내에서 ‘패뷸러스’가 독보적인 위치에 있었다. 따라서 SM엔터테인먼트 등 대형 기획사에서 작업 의뢰가 오기도 했다. 2014년 2인조로 활동하던 동방신기(창민‧윤호) 월드투어 중 동남아 투어에 동행하며 촬영‧제작해 DVD로 출시한 것도 이즈음이다. ‘조감독’이 아닌 ‘감독’ 오윤동이란 이름의 첫 작품이다.“동방신기(창민‧윤호)를 찍던 당시의 저는 영화적 욕심이 많을 때였어요. 동방신기를 단지 슈퍼스타로만 보지 않고 한 명의 자연인이자 청춘이란 시각에서 이러한 모습을 영상에 담아보고 싶었습니다. 인간으로서 고뇌하는 모습까지.”김호중 영화 '인생은 뷰티풀:비타돌체' [사진=CGV 공식 웹사이트]작품 퀄리티에 남다른 욕심이 있다 보니 제작비를 많이 들여 촬영에 임했다. ENG로 찍던 시절인데 필름 카메라 ‘레드(RED)’로 촬영해서 영상미도 남달랐다. 현재까지 팬들 사이에서 많이 회자하고 있을 정도. 당시 ENG카메라는 하루 렌탈비가 5만 원인 반면 레드 카메라는 100만 원일 만큼 고가의 장비였다. 오윤동 감독은 또한, 아이돌 다큐를 언제까지 ENG로만 찍을 거냐, 이젠 영화적 느낌을 살린다는 차원에서도 레드 카메라로 찍을 때가 됐다는 점을 SM 측에 강조하기도 했다. 촬영 기간 6개월에 편집까지 모두 1년이 넘는 기간이 걸렸다. 동방신기에 이어 엑소(EXO), 소녀시대, 샤이니 등 SM 소속 가수들의 3D뮤직비디오도 제작했다. 오윤동 감독은 고학찬 예술의전당 사장이 재임 시절 강조한 영상화사업(SAC온스크린)을 전담해 ‘호두까기인형’, ‘명성황후’, ‘마술피리’ 등 다수를 제작하기도 했다.‘패뷸러스’는 서교동의 작은 공간에서 강남 학동의 건물로 사세 확장했지만 무리한 확장으로 결국 폐업 처리됐고 오 감독은 2015년 12월 CGV에 PD로 입사하게 된다. 그리곤 빅뱅의 체조경기장 공연을 스크린X로 제작해 2016년 개봉했다. 이어 젝스키스, 트와이스, BTS 등 여러 스타의 공연 실황을 제작 개봉하며 이 분야 독보적인 행보를 이어갔다.“어느 순간부터 공연실황 영상만으론 한계가 있다고 느꼈습니다. 중간중간 스토리가 있어야 한다고 생각했고 그래서 서사를 넣기 시작한 게 ‘아이즈원’이었어요.”공연실황과 다큐멘터리를 섞어 2019년 개봉한 아이즈원 영화는 1년이란 제작 기간이 걸렸다. 물론 반응도 좋았다.이전까진 회사에서 큰 관심을 갖지 않았지만, BTS 영화가 국내 극장에서만 36만 관객을 동원하는 대성공을 거두며 상황은 반전됐다. 회사 측에서도 제대로 사업화해보자며 오윤동 감독에게 힘을 실어주기 시작한 것이다. 아이즈원 영화는 국내에선 5만, 일본에선 10만 명 이상의 관객을 모았고 전 세계적으로 30만 명 이상 관객을 동원했다. 영화에 나오는 아이즈원 인터뷰 내용의 상당수 질문 내용도 오윤동 감독이 직접 작성했다.최대 흥행 기록한 방탄소년단 음악영화 ‘BTS 옛 투 컴 시네마’ [사진=CGV 공식 웹사이트]이어 김호중, 블랙핑크, 몬스타엑스, 세븐틴, NCT, BTS(방탄소년단), 임영웅 등 여러 스타 영화를 제작했다.2022년 겨울 고척스카이돔 공연을 중심으로 다룬 임영웅 다큐 영화 ‘아임 히어로 더 파이널’을 위해 오윤동 감독은 고척돔 공연과 백스테이지를 3일 동안 찍었고 임영웅과 파주에서 인터뷰를 진행한 영상도 추가했다. 그러나 임영웅의 스케줄이 워낙 많다 보니 좀 더 여유 있게 인터뷰하지 못한 게 지금도 많이 아쉽다고 했다.오윤동 감독은 그간 제작했던 많은 아티스트 영화 중에서 8월에 개봉하는 ‘비퍼스트’와 ‘몬스타엑스’를 베스트로 꼽는다.“지난 1월 촬영을 마친 일본 아이돌 ‘비퍼스트’는 기대 이상으로 잘 찍은 것 같아요. 아트스트의 전체적 스토리라인이 특히 잘 나와서 기뻤죠. 서사가 너무 잘 빠진게 인상적이고 만족스러웠으며, 원래 보여주고자 했던 걸 명확하게 잘 담은 것 같습니다. 그리고 ‘몬스타엑스’는 멤버들이 촬영 동안 자신들이 생각하고 원하는 바를 적극적으로 개진해서 제가 화면에 담고 싶던 그 이상으로 더 멋진 영상을 만들 수 있었어요.”비퍼스트 영상에 만족한 에이벡스 측은 다음 작품도 오윤동 감독이 해주길 바란다고 했다.오 감독이 찍은 음악인 영화 중에서 지난 2월 1일 개봉한 ‘BTS 옛 투 컴 시네마(BTS: Yet To Come in Cinemas)’는 가장 많은 관객을 동원했다. 그가 찍은 방탄소년단 두 번째 영화인 이 작품은 전 세계 5000개관에서 개봉했는데 그중 1100개관이 스크린X와 4D상영관이다.“스크린엑스(X)는 그만큼 시장 규모도 크고 특히 관객들이 좋아합니다. BTS 두 번째 영화는 국내에서 10만 명이 봤어요. 그중 절반 이상이 스크린X 상영관에서 감상했죠. 스크린X 상영관은 일반 영화관보다 티켓 가격이 2배 이상 비싼데도 관객은 공연장에 있는 것 같은 현장감을 느낄 수 있기에 스크린엑스 상영관을 선호합니다.”현재 스크린X 상영관은 전 세계에 350개 정도 있으며, 국내엔 50여 개가 있다. 2025년까지 전 세계 800개 상영관을 목표로 하고 있다. 지난 2월 1일 개봉한 BTS의 두 번째 영화는 국내에선 10만 관객이었지만 일본에선 100만 명 넘는 관객을 모았고 전 세계적으론 200만 명 이상이 봤다. BTS의 월드클래스 인기를 입증하는 사례다.물론 이 모든 건 CJ 스크린X 팀과의 공조 없인 불가능했다. 현재 스크린 엑스 팀원들은 영화를 공부한 사람들이 대다수다. 20대 구성원이 많음에도 개인주의적이지 않고 협업(팀플)에 적극적인 마인드의 소유자들이다. 1인 3역 이상의 멀티플레이어들이라 동종 업계에선 부러움을 살 정도라고.사진=조성진오윤동 감독은 2017년 회사원(경영관리)이던 여성과 결혼했다. 오 감독은 “밤샘과 현지 로케가 많은 직업이다 보니 늘 아내에게 미안하다”고 했다. 지금도 연 3권 이상의 저작물을 발간하고 있는 방송작가 출신의 유명작가 박경희가 오 감독의 어머니다.오윤동 감독는 3D 영화를 찍을 때부터 8K 관련 공부를 꾸준히 하고 있었다. 신기술이 나올 때마다 가장 먼저 체험하고 공부하는 스타일은 어릴 때부터 몸에 익은 습관이다. 이러한 부지런함과 호기심이 지금의 오윤동 감독을 만든 원동력 중 하나다.취미는 낚시. 담배는 ‘리얼’에서 전자담배로 바꿨고 몇 년 전부터 술은 잘 하지 않고 있다. 영화학도 시절엔 앨프레드 히치콕을, 지금은 ‘라라랜드’의 데이미언 셔젤 감독을 좋아한다. 많은 슈퍼스타의 영화를 제작한 그가 궁극적으로 만들고 싶은 영화는 뭘까?“오랫동안 음악영화를 해왔기 때문에 앞으로도 더 멋진 음악영화를 만들어 보고 싶습니다. ‘라라랜드’ 같은 또는 그 이상의 드라마 색채가 짙은 음악영화를 만들고 싶어요.”“향후, 이 분야에서 최고의 콘텐츠를 만드는 사람으로 기억되고 싶습니다.”",https://sports.hankooki.com/news/articleView.html?idxno=6835812,"영화,감독,오윤,김호중,제작"
"울산 덕신초 BTS, KBO 유소년 티볼대회 ‘전국 최강’ 우뚝","덕신 아이즈원은 여자부 3위 차지울산시 울주군 덕신초 스포츠클럽 남자 티볼팀 BTS가 지난달 29~31일 충북 보은스포츠파크에서 열린 ‘2023 KBO 유소년 티볼 페스티벌 전국 스포츠클럽 티볼대회’에서 1위를 차지했다. 사진은 덕신초 스포츠클럽 단체사진.울산시 울주군 덕신초등학교 스포츠클럽 ‘덕신 BTS(Best Teeball Sportsclub)’가 ‘2023 KBO 유소년 티볼 페스티벌 전국 스포츠클럽 티볼대회’에서 최강자 자리에 올랐다.대회는 문화체육관광부와 국민체육진흥공단의 후원으로 지난달 29~31일 충북 보은스포츠파크에서 열렸다.한국야구위원회(KBO)는 야구의 리드업 스포츠인 티볼을 통해 미래 야구팬을 확보하고 초등학교 체육을 활성화하기 위해 올해 최초로 이번 대회를 열었다. 티볼은 야구를 변형시켜 투수가 공을 던지지 않고 티 위에 올려진 공을 친 후 1, 2, 3루를 돌아 홈으로 돌아오는 구기종목 스포츠다.덕신초 남자 티볼팀 BTS는 예선 7조 중 1위로 결선에 진출한 후 충주 삼원초, 부산 오륙도초, 서울 도성초를 차례로 이기고 우승을 차지했다. MVP도 팀을 이끌며 최고의 활약을 펼친 BTS의 주장 김진영에게 돌아갔다.덕신초 BTS는 오는 12월 대만에서 열리는 국제교류전에 한국 대표로 참가하게 된다. BTS주장 김진영 선수는 “그동안의 노력이 결실을 얻어 기쁘고 함께 열심히 즐겁게 운동한 친구들에게 고맙다”며 “대만에서 열리는 국제교류전도 기대된다”고 소감을 전했다.덕신초 여자 티볼부 ‘덕신 아이즈원’도 여학생리그 3위에 올라 남·여부가 동반 입상하는 기쁨을 누렸다.예선 1위로 4강에 진출한 아이즈원은 구미 구평남부초와 접전을 펼치는 과정에서 아쉬운 주루 플레이 실수로 3위에 올랐다. 아이즈원 주장 김아영 선수는 “비록 우승은 아니지만 친구들과 대회에 참가해 좋은 추억을 만들어 좋다”며 “더욱 열심히 해 다음 대회에서 더 좋은 성적을 내겠다”고 포부를 밝혔다.덕신초 강용원 교장은 “매일 열심히 연습한 어린 학생들의 노력이 이렇게 좋은 결과로 나타나 기특하다”며 “앞으로도 학생들의 체육활성화와 즐거운 학교생활을 위해 스포츠클럽 활동을 적극 지원하겠다”고 말했다. 김하늘 기자저작권자 © 울산제일일보 무단전재 및 재배포 금지",http://www.ujeil.com/news/articleView.html?idxno=331441,"티볼,스포츠클럽,대회,아이즈,야구"
"이채연, 5개월 만에 초고속 컴백 ""9월 목표로 준비 중"" [공식입장]","(엑스포츠뉴스 명희숙 기자) 솔로 가수 이채연이 초고속 컴백을 예고했다.소속사 WM엔터테인먼트 관계자는 엑스포츠뉴스에 ""이채연이 9월 컴백을 목표로 준비 중""이라고 밝혔다.이채연은 앞서 지난 4월 미니 2집 앨범 [Over The Moon]을 발매하고 신곡 '노크'로 활동했다. 5개월 만에 빠른 컴백을 하며 또 한번 활발한 활약을 예고하고 있어 기대를 높인다.이채연은 2018년 Mnet '프로듀스 48'에 참가해 최종 6위를 차지, 프로젝트 그룹 아이즈원으로 데뷔했다. 2021년 4월 아이즈원 활동을 마무리한 이채연은 원 소속사 WM엔터테인먼트로 돌아가 솔로 가수로 활동 중이다.사진 = 엑스포츠뉴스 DB명희숙 기자 aud666@xportsnews.com",https://www.xportsnews.com/article/1760156,"이채연,엑스포츠,뉴스,컴백,활동"
"권은비 ""아이즈원 이후 솔로 데뷔 2주년...오래 활동하고파""","사진=권은비 ⓒ MHN스포츠 권혁재 기자(MHN스포츠 정승민 기자) 솔로 데뷔 2주년을 앞두고 있는 권은비가 소감과 함께 향후 포부를 밝혔다.2일 오후 서울 용산구 블루스퀘어 마스터카드홀에서 권은비 첫 싱글 앨범 'The Flash'(더 플래시) 발매 기념 미디어 쇼케이스가 열렸다. 이날 진행은 아나운서 조정식이 맡았다.지난해 10월 발매한 미니 3집 '리탈리티'(Lethality) 이후 약 10개월 만에 발매하는 'The Flash'는 뜨거운 여름날의 열기를 잠재워 줄 강렬하고 글래머러스한 사운드와 청량한 매력까지 느낄 수 있는 총 3가지 장르로 구성된 서머 시즌 앨범이다.'The Flash'에는 동명 타이틀곡을 포함해 'Comet'(코멧), 'Beautiful Night'(뷰티풀 나이트)까지 총 3곡이 수록돼 있다. 타이틀곡 'The Flash'는 신화적 인물인 '페르세포네'를 모티브로 완성된 팝 댄스 장르의 곡이며, 수록곡 'Beautiful Night'는 권은비가 직접 작사에 참여한 것이 특징이다.지난 2021년 그룹 아이즈원 활동을 마친 권은비는 같은해 8월 24일 미니 1집 'OPEN'으로 솔로 활동에 나섰고, 어느덧 솔로 데뷔 2주년을 앞두고 있다. 이에 관해 권은비는 ""아이즈원 활동으로도 많은 걸 배웠지만, 솔로로 2년 동안 활동하면서도 많이 배우고 성장한 것 같다""며 ""곧 2주년이 되는데 많은 팬들에게 관심과 사랑 받으면서 새 앨범을 내고, 저를 알릴 수 있는 기회가 있다는 게 너무 좋은 것 같다. 앞으로 오래 활동하며 무대로 보답하는 권은비가 되겠다""고 밝혔다.한편, 권은비 첫 싱글 앨범 'The Flash'는 2일 오후 6시 발매된다.",https://www.mhnse.com/news/articleView.html?idxno=206681,"은비,활동,솔로,앨범,발매"
"권은비, 인지도 굴욕…”최예나, 안유진, 장원영만 좋다고” (‘맵찔이’)","[TV리포트=강성훈 기자] 아이즈원 출신 가수 권은비가 한강에서 진행한 즉석 인터뷰에서 인지도 굴욕을 당했다.19일 소셜네트워크서비스 채널 ‘스튜디오어서오고’에는 웹 예능 ‘선넘는 맵찔이’ 1화가 올라왔다.이날 권은비는 한강에서 시민들과 즉석 인터뷰를 진행했다. 권은비는 시민들에게 “좋아하는 아이돌 있는가?”라고 물었고 시민들은 장원영, 안유진, 최예나를 언급했다.이에 권은비는 “권은비를 좋아하는 맵찔이를 찾아야겠다. 최예나, 안유진, 장원영 다 나왔네?”라며 함께 활동했던 동생들과 비교하는 모습을 보였다.이런 가운데 ‘위즈원'(아이즈원 팬덤명)이었다고 밝힌 시민이 등장했다. 권은비는 그에게 즉석에서 사인을 해줬다. 그런데 사인을 해 준 종이가 ‘국회의장 김진표’ 이름이 새겨진 ‘국회의사당 참관 수료증’이어서 시청자의 웃음을 자아냈다.그런가 하면 권은비는 함께 모여 돗자리에 앉아있는 외국인을 찾았다. 권은비는 외국인 중 한 명에게 “권은비를 아는가?”라고 물었다. 그 외국인은 “안다. 좋아한다. 보고싶다”라고 권은비를 보며 답했다. 이에 권은비는 “그럼 저는 누구인가? 꼭 만나길 바란다”라며 당황스럽지만 유연하게 상황을 넘겼다.한편 권은비는 지난 2018년 Mnet 오디션 프로그램 ‘프로듀스 48’에 참가해 최종 멤버에 선정, 그룹 아이즈원으로 데뷔했다. 아이즈원 활동 종료 후 그룹에서 솔로로 전향해 다양한 음악방송과 예능에서 활발한 활동을 하고 있다.강성훈 기자 ksh@tvreport.co.kr / 사진= 채널 ‘스튜디오 어서오고’",https://www.tvreport.co.kr/https://tvreport.co.kr/breaking/article/744768/,"은비,아이즈,시민,즉석,활동"
[줌人] 아이즈원 해체 후 2년..12명 멤버들의 ‘따로 또 같이’,"사진=스타쉽엔터테인먼트 제공사진=쏘스뮤직 제공권은비.(사진=울림엔터테인먼트 제공)이채연.(사진=WM엔터테인먼트 제공)조유리.(사진=웨이크원 제공)최예나.(사진=위에화엔터테인먼트 제공)강혜원(왼쪽), 김민주(사진=IS포토)야부키 나코(왼쪽), 혼다 히토미.(사진=IS포토)2021년 4월 29일. 걸그룹 아이즈원의 2년 6개월간 여정이 마침표를 찍은 날이다. 2018년 Mnet 오디션 프로그램 ‘프로듀스48’을 통해 탄생한 그룹 아이즈원은 같은 해 10월 데뷔해 한국(9명)·일본(3명) 합작 12인조 프로젝트 걸그룹으로 활약했다.연말 시상식에서 받은 5개의 신인상, 총 26번의 음악방송 1위, 2020년 가장 높은 누적 음반 판매량(129만2919장) 달성 등 엄청난 기록을 세운 아이즈원은 아직도 K팝 팬들 사이에서 회자되는 레전드 걸그룹이다.비록 완전체의 아이즈원을 다시 보기는 어렵지만, 12명의 멤버들은 여전히 연예계에서 두각을 나타내고 있다. 올해 아이즈원의 해체 2년을 맞아 멤버들의 현재 근황을 짚어보았다.아이즈원 멤버들 중 가장 뚜렷한 성공한 거둔 멤버는 단연 아이브의 장원영, 안유진과 르세라핌의 김채원, 사쿠라다. 두 그룹은 현재 국내에서 엄청난 인기를 끌고 있는 4세대 대표 걸그룹이다.2021년 12월 가요계에 첫 출격한 아이브는 데뷔 전부터 아이즈원의 인기 멤버였던 장원영과 안유진의 새 그룹으로 팬들의 시선을 한 몸에 받았다. 큰 키와 수려한 이목구비로 비주얼을 담당했던 두 멤버는 아이브에서 막강한 존재감을 드러내기에 충분했다.뿐만 아니라 ‘일레븐’, ‘러브 다이브’, ‘애프터 라이크’까지 지난해 발매된 노래가 3연속 히트를 치며 아이브는 단번에 대세 반열에 올랐다. 최근 발매된 ‘키치’와 ‘아이 엠’까지 모두 음원차트 1위를 기록, 초동 앨범 판매량은 110만장을 넘기며 대중성을 확보한 그룹으로 성장했다.아이즈원에서 다재다능 멤버로 통한 김채원, 부족한 실력에도 끊임없는 노력으로 성공 스토리를 쓴 사쿠라는 퍼포먼스가 강점인 르세라핌에서 함께 새 출발을 했다. 지난해 5월에 데뷔한 르세라핌은 4세대 걸그룹 중 가장 강렬한 콘셉트의 곡 ‘피어리스’로 팬들을 공략했다.아이즈원 당시 깜찍한 이미지였던 김채원은 걸크러시 매력으로 새로운 변신에 성공했고, 사쿠라는 몰라보게 성장한 실력으로 놀라움을 안겼다. ‘피어리스’에 이어 ‘안티프레자일’로 연속 흥행한 르세라핌은 오는 5월 1일 ‘언포기븐’으로 다시 한 번 비상할 준비를 마쳤다.아이즈원 활동 당시 독보적 실력을 자랑했던 4명의 멤버들은 역시나 솔로로 전향해 꾸준히 무대에 오르고 있다. 리더였던 권은비는 2021년 데뷔곡 ‘도어’와 다음 앨범인 ‘글리치’, ‘언더워터’ 등으로 안정적인 실력과 특유의 성숙한 매력으로 입지를 넓혀가고 있다.‘퍼포먼스 퀸’으로 유명한 이채연은 지난해 발매한 ‘허쉬 러쉬’에 이어 현재 ‘노크’로 활동 중이다. 이채연은 자신만 표현할 수 있는 역대급 화려하고 멋진 안무로 호평을 받았으며, ‘노크’ 무대 영상 또한 높은 조회수를 기록하며 입소문을 타는 중이다.아이즈원의 메인보컬이었던 조유리는 역시나 자신의 보컬 실력을 강점으로 내세운 데뷔곡 ‘글래시’와 이후 발매된 ‘러브 쉿!’, ‘러버블’로 가창력을 인정받았다. 이 외에도 다수 드라마의 OST에 작업에도 참여했으며, 티빙 오리지널 드라마 ‘술꾼 도시 여자들2’에 단역으로 등장해 새로운 모습을 보이기도 했다.삐죽 나온 입술이 오리를 연상케 해서 ‘오리’라는 별명이 붙을 정도로 아이즈원에서 귀여움을 담당했던 최예나는 신나는 음악 ‘스마일리’, ‘스마트폰’으로 대중에 활기찬 에너지를 전달했다. 이어 올해 1월 발매한 ‘러브 워’에서는 맑은 음색과 성숙하고도 짙은 감성을 표현해내며 최예나의 재발견이라는 평가를 받았다. 예능감도 뛰어난 최예나는 현재 ENA ‘혜미리예채파’에서 고정 멤버로 활약 중이다.강혜원은 아이즈원 해체 후 다양한 분야에서 열심히 활동했다. 2021년 겨울 스페셜 앨범 ‘W’를 발매했으며, 이듬해 ‘라이크 어 다이아몬드’를 공개해 솔로 가수로 도약했다. 동시에 연기에 도전한 그는 웹드라마 ‘일진에게 반했을 때’와 웨이브 시리즈 ‘청춘 블라썸’에서 청순한 외모에 걸맞은 배역으로 수준급의 연기력을 뽐냈다. 이 외에 예능 출연과 유튜브 채널을 운영하며 바쁜 나날을 보내고 있다.아이즈원에서 독보적 배우상으로 인기를 모았던 김민주는 배우 공유, 전도연, 공효진 등이 속한 매니지먼트 숲으로 이적해 본격적인 배우 활동의 시작을 알렸다. 그는 지난해 말 열린 ‘2022 MBC 연기대상’에서 드라마 ‘금혼령, 조선 혼인 금지령’으로 여자 신인상을 거머쥐었다. 최근에는 2020년 6월부터 진행한 MBC ‘쇼! 음악중심’의 MC를 2년 7개월 만에 하차하며 작품 활동에 매진할 계획이라고 밝혔다.2013년부터 일본 걸그룹 HKT48 멤버로 활동한 야부키 나코는 아이즈원 활동이 끝난 후 다시 일본에서 HKT48 멤버로 돌아갔다. 다만 지난해 10월 HKT48 11주년 기념 공연에서 야부키 나코는 팀 졸업을 선언했고, 이후 배우로 전향할 것을 알렸다.혼다 히토미 또한 아이즈원 활동이 끝난 후 일본으로 돌아가 본래 그룹이었던 AKB48에 재합류했다. 그는 아이즈원 때 치솟은 인기로 AKB48 내 센터를 차지하는 등 팀내 에이스를 담당하고 있었다.최근 두 사람은 새로운 프로젝트 걸그룹을 탄생을 예고한 Mnet ‘퀸덤 퍼즐’에 출연한다는 얘기가 나왔지만, 아직 캐스팅이 진행 중인 것으로 전해졌다.권혜미 기자 emily00a@edaily.co.krㅈ",https://isplus.com/article/view/isp202304290069,"아이즈,멤버,사진,활동,걸그룹"
"[단독] 혼다 히토미 ""아이즈원과 단톡방 연락, 작년 오사카에서 만났죠"" (인터뷰)","2001년생인 혼다 히토미는 지난 2018년 케이블채널 엠넷 '프로듀스48'을 통해 그룹 아이즈원(IZONE)으로 국내에서 데뷔했다. 당시 장원영과 미야와키 사쿠라, 안유진, 최예나 등과 함께 12명의 상위 연습생으로 선발된 혼다 히토미는 '인간 복숭아'라 불릴만큼 상큼하고 사랑스러운 매력을 자랑한다.아이즈원은 2018년 10월부터 2021년 4월까지 활동했고 '라비앙로즈' '비올레타' '피에스타' '환상동화' 등의 앨범을 발매하며 큰 사랑을 받았다. 활동 종료 후 혼다 히토미는 일본에서 AKB48로 복귀해 센터로 활약 중이다. 장원영과 안유진은 그룹 아이브로, 김채원과 사쿠라는 르세라핌으로 활동하고 있다.일본 라디오 방송국 도쿄FM(TokyoFM)에서 본지와 단독으로 만난 혼다 히토미는 여전히 사랑스럽고 에너지 넘치는 모습이었다. 그가 진행하는 'IDOLCHAMP presents POP-K TOP10 Friday'는 팬 참여형 투표앱 '아이돌챔프'와 협업해 진행되는 라디오 방송으로, 매주 금요일 오후 6시에 방송된다.위클리 팬 투표를 100% 반영해 진행되며, 매주 가장 뜨거운 반응을 얻은 K팝 곡들을 카운트다운 형식으로 총 10곡 소개한다. 또한 위클리 랭킹 득표 수를 합산, 월간 득표수 상위 15곡은 방송 공식 '스포티파이 플레이리스트'에 등록돼 전 세계 어디에서나 들을 수 있다.DJ 혼다 히토미는 곡 소개와 더불어 방송 후일담인 '애프터 토크'도 들려준다. 한국에서 수년간 활동했던 만큼 한국과 K팝에 대한 열정을 듬뿍담아 청취자들에게 전달하고 있다.이하 혼다 히토미와의 일문일답.-일본에서의 근황이 궁금하다.일본에 돌아와서 2년이 됐는데 그룹 AKB48 활동을 하고 있어요. 그룹 안에서 센터를 맡고 있고요. 현재 모델이나 연기에도 도전하고 있고, 앞으로 다양한 활동을 할 예정입니다.-K팝 소개 프로그램 진행을 맡게 된 소감은.일본에 돌아와서도 한국에 관련된 일을 할 수 있는 게 영광이라고 생각해요. 한국말을 쓸 일이 적어져서 잊어버리지 않을까 불안했는데 이 방송 덕분에 또 쓸 일이 생길 거 같아서 다행이에요. 앱을 통해서 유저들이 투표를 진행해주면 상위 열개의 곡을 제가 소개해주는 방송입니다.-평소에도 K팝을 즐겨 듣는지.한국에서 활동하고나서 진짜 K팝에 관심을 많이 갖게 됐어요. 지금 일본에서도 많이 듣고 있고요. 아이즈원이 해체되고나서 멤버들이 르세라핌이나 아이브로 열심히 활동하는 모습을 보고 좋은 자극을 받고 있습니다.-멤버들은 해체 후에 만난 적이 있나.MAMA('2022 마마 어워즈') 했을 때 일본에 왔었어요. 오사카까지 보러 갔었는데 만나서 인사도 하고 너무 반가웠던 기억이 있습니다. 사실 아이브나 르세라핌은 일본에 자주 오는데 스케줄이 너무 바빠서 만나기 힘들어요. 같은 음악방송에 나갔을 때도 못 만났거든요. 르세라핌 채원 언니한테 '우리 같이 방송 나가잖아. 만나자' 했는데 대기실도 다른 층이라 그땐 못 만났어요. 너무 아쉬워요.-서로 연락은 자주 하는지.단톡방이 있어서 연락을 계속 하고 있어요. 누군가 생일이면 서로 축하해주고 컴백도 축하하고 응원을 많이 해요. 제발, 진짜 이 방송을 통해 만날 수 있다면 좋겠어요. 꼭 한번 나와주세요. 팬들도 좋아할 거 같아요.-아이즈원 멤버 중 특히 친한 친구는 누구?전부 다 친하게 지내는데 민주나 유리는 동갑이라서 더 편한 거 같아요. 유리가 일본에 오면 같이 밥 먹고 호텔도 가고, 일본 멤버도 있는데 셋이서 호텔에서 만났어요. 한국에 가서 민주도 만났어요. 민주는 만나기 힘든 친구였는데 저를 위해 시간을 내줬죠. 하하. 혼자 있는 걸 좋아하고 몸 관리를 열심히 하는 친구인데 저랑은 같이 밥도 먹고 즐거운 시간을 보냈어요.-새 프로그램의 첫 녹음은 그룹 시크릿넘버와 했는데 특별한 인연이 있나.멤버 중에 '프로듀스48' 방송에 나왔던 언니가 있어서 오랜만에 만나서 너무 좋았어요. 같이 열심히 했던 친구나 언니가 이렇게 데뷔한 걸 보면 저도 뭔가 자극을 받는 거 같아요. 언니도 많은 도전을 하고 있는 거 같아서 보기 좋고 응원해요.-한국 팬들에 대한 기억도 많을 거 같은데.아이즈원 활동을 통해서 한국 사람들이 너무 저를 소중히 생각해주고 많이 응원해주는 거 같아서 감사했어요. 이렇게 일본에 와서도 이야기회가 있는데 그것도 많이 참여해주고 그래서 고마워요. 제가 한국이나 세계 여러 나라에서 활동을 하는 모습을 많은 한국 팬들에게 전할 수 있어서 좋습니다.-얼마 전 한국에도 다녀왔는데 어땠나.한국에 2박3일간 다녀왔는데 공항에 많은 분들이 와줘서 환영해줘 너무 기뻤어요. 눈물이 날 뻔했어요. 화장품 팝업스토어가 있어서 갔다 왔는데 앞으로도 그런 일이 많이 생기면 좋겠어요.유수경 기자 uu84@hankookilbo.com0 0 공유 카카오페이스북트위터URL 기사저장",https://hankookilbo.com/News/Read/A2023042520530003429?did=NA,"일본,한국,활동,방송,혼다"
“서바이벌 4번째…” 나코・히토미 이어서 '걸그룹' 재도전하는 '아이즈원' 멤버,"그룹 ‘아이즈원’ 활동 후 솔로 가수로 활동 중인 이채연이 Mnet ‘퀸덤 퍼즐’에 출연한다.이채연 인스타그램24일 이데일리에 따르면 이채연이 오는 6월 방송 예정인 Mnet 서바이벌 ‘퀸덤 퍼즐’에 참여한다.Mnet에서 방송 예정인 ‘퀸덤 퍼즐’은 활동 중인 걸그룹 멤버 또는 여성 아티스들을 조합해 프로젝트 걸그룹을 만드는 서바이벌 예능으로 가수 태연이 MC를 맡게 됐다.'퀸덤 퍼즐' MC 태연 / Mnet 인스타그램지난 10일 첫 공개된 티저 예고편에서 그룹 ‘블랙핑크: KILL THIS LOVE’, ‘소녀시대: The Boys’, ‘르세라핌: FEARLESS’, ‘우주소녀: 이루리’, ‘(여자)아이들: TOMBOY’, ‘오마이걸: 살짝 설렜어’, ‘스테이씨: ASAP’, ‘아이즈원: 피에스타’, ‘레드벨벳: Bad Boy’ 총 9개 곡이 등장했으며 'IURP WZHQWB HLJKW WR VHYHQ'라는 암호와 함께 5월 참가자들을 공개한다고 밝혔다.이하 '퀸덤 퍼즐' 티저 예고편 / 이하 유튜브 'Mnet K-POP'‘퀸덤 퍼즐’측이 공개한 암호는 ‘카이사르 암호’로 풀이를 하면 ‘FROM TWENTY EIGHT TO SEVEN’가 된다. 이에 네티즌들은 28명이 참가해 7명이 최종 멤버가 될 것으로 예측하고 있다.2018년 방송된 Mnet 서바이벌 '프로듀스48'에서 최종 12위로 '아이즈원'에 데뷔한 이채연'아이즈원' 공식 트위터‘퀸덤 퍼즐’에 참가하는 이채연은 2018년 방송된 Mnet 서바이벌 ‘프로듀스 48’에 참가해 최종 12등을 기록하며 ‘아이즈원’ 멤버로 장원영, 사쿠라, 강혜원, 조유리, 최예나, 김채원, 김민주, 권은비, 안유진, 혼다 히토미, 야부키 나코와 함께 2021년 4월까지 활동했다.이후 지난해 10월 미니 앨범 1집 ‘HUSH RUSH’로 솔로로 데뷔, 지난 12일 두 번째 미니 앨범 ‘Over The Moon’을 발표했다.이채연은 ‘아이즈원’과 솔로 데뷔 외에도 서바이벌 예능 ‘K팝 스타 시즌 3’, 그룹 ‘트와이스’ 멤버들을 뽑는 서바이벌 ‘SIXTEEN’, ‘스트릿 우먼 파이터’ 등에 참가한 이력이 있다.야부키 나코, 혼다 히토미 인스타그램 케이, 주이, 장예은 인스타그램‘퀸덤 퍼즐’은 이채연 외에도 ‘아이즈원’ 멤버로 활동했던 야부키 나코, 혼다 히토미의 참가 루머가 전해졌다. 또한 ‘모모랜드’ 출신 주이, ‘러블리즈’ 출신 케이, 'CLC' 출신 장예은 등의 출연 소식이 전해졌다.",https://www.wikitree.co.kr/articles/847739,"퀸덤,퍼즐,아이즈,이채연,서바이벌"
"[단독] 아이즈원 나코·히토미, Mnet '퀸덤 퍼즐' 출연…K팝 걸그룹 재도전","viewer 그룹 아이즈원 출신 혼다 히토미(좌), 야부키 나코가 Mnet '퀸덤 퍼즐'에 출연한다. / 사진=서울경제스타 DB< 저작권자 ⓒ 서울경제, 무단 전재 및 재배포 금지 >그룹 아이즈원 출신 야부키 나코, 혼다 히토미가 K팝 걸그룹으로 재데뷔에 도전한다.19일 서울경제스타 취재 결과, 야부키 나코와 혼다 히토미는 Mnet 서바이벌 예능 프로그램 '퀸덤 퍼즐'에 출연한다.'퀸덤 퍼즐'은 지난 2019년 시작된 '컴백 전쟁: 퀸덤', '퀸덤2' 시리즈를 잇는 프로그램이다. 이번 시즌에서는 현역 걸그룹들이 경쟁하던 것과 다르게, 전현직 걸그룹 멤버들을 퍼즐처럼 조합해 글로벌 프로젝트 걸그룹을 완성하는 포맷으로 변경됐다.야부키 나코와 혼다 히토미 역시 그룹이 아닌 개인으로 참가해 최종 데뷔조 자리를 두고 경쟁을 한다.두 사람은 K팝 걸그룹 서바이벌 유경험자다. 이들은 지난 2018년 Mnet '프로듀스 48'을 통해 그룹 아이즈원 최종 멤버로 선발돼, 2년 6개월 만인 2021년 4월 해체했다.이후 야부키 나코는 일본 걸그룹 HKT48 중심 멤버로 복귀하고, 이달 그룹을 졸업했다. 지난달에는 SBS M 한일 합작 오디션 '더 아이돌 밴드 : 보이즈 배틀' MC를 맡아 한국 팬들에게 얼굴을 비쳤다. 당시 그는 배우로 전향 의사를 밝히기도 했다.혼다 히토미 역시 아이즈원 해체 이후 일본 걸그룹 AKB48로 복귀해 센터를 꿰찼다. 지난해 7월에는 일본 드라마 주연으로 배우 데뷔를 했다.또 다른 일본인 멤버인 미야와키 사쿠라는 지난해 아이즈원 출신 김채원과 함께 그룹 르세라핌으로 재데뷔해 활발히 활동하고 있어, 국내 가요계에서 두 사람의 활약에 기대가 모인다.이들의 출연에 대해 Mnet 측은 ""전반적인 캐스팅 진행 중으로, 말씀드리기 어려운 단계""라고 전했다.",https://www.sedaily.com/NewsView/29OD3Y2671,"걸그룹,그룹,아이즈,혼다,히토미"
남돌 가고 여돌 서바이벌… 아이즈원·러블리즈·모모랜드 출신 한자리에?[영상],"[뉴스클레임]바야흐로 아이돌 서바이벌 홍수 시대가 다시 돌아왔습니다.19일 마지막 방송을 한 JTBC '피크타임'은 데뷔는 했지만 크게 성과를 내지 못한 남자 아이돌 그룹의 경쟁을 그렸습니다. 참가자의 사생활 논란 등으로 멤버들이 하차하는 일이 발생했지만 '착한 서바이벌'이라는 평가를 받았습니다.파이널 생방송을 앞두고 있는 또 다른 서바이벌 프로그램 Mnet '보이즈 플래닛'은 낮은 시청률과 달리 뜨거운 투표 열기가 이어지고 있습니다.시청자들의 투표에 따라 데뷔조가 달라지는 만큼, '보이즈 플래닛' 측은 비정상적 경로를 통한 부정 투표 방지에 힘을 쏟고 있습니다.'보이즈 플래닛'은 중국을 중심으로 한 부정 투표 의혹에 대해 ""투표 집계부터 결과 산출까지 투표와 관련된 과정들에서 제작진의 투표 조작이 발생하지 않도록 외부 전문 기관인 삼일 PwC의 검증을 거친다""고 밝혔습니다.MBC에서는 걸그룹 클라씨를 데뷔시킨 '방과 후 설렘' 시즌2 '소년 판타지'가 진행 중입니다.특히 다른 오디션 프로그램에 비해 시작이 늦은 만큼 '소년 판타지'는 참가자와 팬덤과의 접점을 늘리는 데 힘썼습니다. 글로벌 팬덤 확보를 위해 네이버와 라인, 유튜브 채널, 해외 OTT까지 글로벌 파트너쉽을 강화는 물론, 총 12개국에 함께 중계되며 전 세계가 함께하는 시스템을 구축했습니다.사진=아이즈원·러블리즈 공식 SNS이렇듯 오디션과 서바이벌 홍수가 발발한 현 시점에서 엠넷 '퀸덤'이 새로운 시즌으로 돌아옵니다.올 6월 첫 방송을 확정한 '퀸덤 퍼즐'은 걸그룹 멤버 또는 여성 아티스트들을 퍼즐처럼 조합해 최강의 글로벌 프로젝트 걸그룹을 완성합니다.본격적인 시작에 앞서 19일 아이즈원 출신 야부키 나코와 혼다 히토미, 러블리즈 출신 케이, 모모랜드 출신 주이 등 해제한 걸그룹 맴버들이 '퀸덤 퍼즐'에 도전한다는 소식이 전해졌습니다.그러나 엠넷 측은 ""현재 캐스팅이 진행 중인 단계라 말씀드리기 어렵다""며 말을 아꼈습니다.'퀸덤'을 비롯해 '로드 투 킹덤', '킹덤', '퀸덤2' 등에선 환영받지 못한 평가를 받았던 바. '퀸덤 퍼즐'은 매번 새로운 조합으로 구성된 걸그룹 퍼포먼스를 만나볼 수 있다는 재미를 앞세워 전작과는 다른 인상 깊은 성과를 얻을지, 초특급 라인업을 완성하며 대중들의 기대를 모을 수 있을지 주목됩니다.",https://www.newsclaim.co.kr/news/articleView.html?idxno=3017433,"투표,퀸덤,걸그룹,서바이벌,퍼즐"
"""이번엔, 180도 다른 매력""…조유리, 색다른 '러브 올'","""이번엔, 180도 다른 매력""…조유리, 색다른 '러브 올'[Dispatch=오명주기자] ""다양한 색깔을 보여드리고 싶어요!"" (조유리)조유리는 만능 엔터테이너다. 그간 다방면에서 활약했다. '아이즈원' 이후 활발한 솔로 활동을 펼쳐왔다. 더불어 연기자로서도 두각을 드러냈다.이번엔, 다시 본업으로 돌아왔다. 1년 2개월 만의 컴백이다. 가수로서 한 가지 색상에 갇혀 있지 않고, '프리즘' 처럼 다양한 색을 보여주는 가수가 되고 싶다는 각오다.""전에는 제 목소리 그대로 조유리 자체를 보여드리자는 마음이었다면, 이번엔 조유리의 또 다른 새로움을 느낄 수 있으셨으면 좋겠다고 생각했어요.""조유리가 9일 오후 서울 광진구 예스24라이브홀에서 열린 2번째 미니앨범 '러브 올'(LOVE ALL) 발매 기념 쇼케이스에 참석했다.앨범명 '러브 올'은 스포츠 용어다. 탁구와 테니스 등 일부 구기 종목에서 사용한다. 게임을 처음 시작할 때 외친다. 0:0의 의미다.사랑의 모든 순간을 펼쳐낸다. 조유리는 ""사랑을 처음 시작하는 순간부터 사랑하고 헤어지는 모든 순간까지, 사랑의 다양성을 담은 앨범""이라고 소개했다.타이틀곡은 '택시'(TAXI)다. 하이브리드 댄스 팝 장르다. 사랑에 빠진 너에게 달려가는 마음을 '택시'라는 수단을 통해 표현했다.말그대로, '직진 고백송'이다. 사랑이라는 감정 앞에 서툴지만, 그 마음을 전하기 위해 무슨 방법을 써서라도 다가가겠다는 솔직함을 덧붙였다.조유리는 ""운전면허가 없는 내가 택시를 타고 사랑하는 사람에게 달려간다는 내용이다. 귀여운 조급함과 설렘 등 다양한 감정을 택시에 빗대어 사랑스럽게 표현해보려고 했다""고 말했다.가장 눈에 띄는 변신은 단연 헤어 스타일이었다. 조유리는 기존의 어두운 컬러에서 색다른 금발로 변신해 무대에 올랐다.그는 ""오랜만의 컴백인 만큼 파격적인 변신을 하고 싶었다. 신나는 곡에 맞게 상큼하고 신선해 보였으면 하는 바람이 담긴 헤어 컬러""라고 설명했다.이전 타이틀 곡들인 '글래시'와 '러브 쉿!'과는 또다른 매력이 느껴졌다. ""보컬적 변화에 집중해서 준비했다. 180도 달라진 모습을 보여드리고 싶었다""고 전했다.택시를 안무화한 하이라이트도 인상적이었다. ""달려가는 듯한 모션이면 좋을 것 같았다. '택시를 타고 너에게 달려가겠다'는 파트에 잘 어울린다""고 말했다.조유리는 '아이즈원' 활동 이후 솔로로 입지를 다져왔다. 더불어 '술꾼도시여자들', '미미쿠스' 등에 출연하며 연기자로서도 두각을 드러냈다.특히, 넷플릭스 '오징어 게임' 시즌 2에 캐스팅돼 화제가 됐다. 전세계 히트작인 만큼, 시즌2의 새 얼굴로 라인업에 이름을 올려 기대와 관심이 크다.조유리는 ""가수와 배우 활동을 하는 데 힘든 것보다는 재밌는 게 더 크다. 어렵고 힘든 순간도 있지만 항상 재밌게 풀어나가려고 한다""고 말하며 웃음 지었다.노래, 그리고 연기 두 마리 토끼를 잡고 싶다는 바람을 전했다. ""아직은 시작 단계라 어려운 것 같다. 하지만 그만큼 더 노력해서 좋은 작품과 앨범으로 인사드리겠다""고 말했다.마지막으로 ""이번 노래가 직진 고백송인 만큼, 듣는 분들의 귀에 직진해서 꽂혔으면 좋겠다. 올 여름 더위를 날리는 시원한 앨범이 되기를 바란다""고 덧붙였다.한편 조유리는 금일 오후 6시 주요 음원사이트에 '러브 올'을 발매한다.<사진=송효진기자>",http://www.dispatch.co.kr/2260442,"조유리,사랑,택시,러브,이번"
